Country,Date,Round,Season,Track_ID,URL
UK,1950-05-13,1,1950,silverstone,http://en.wikipedia.org/wiki/1950_British_Grand_Prix
Monaco,1950-05-21,2,1950,monaco,http://en.wikipedia.org/wiki/1950_Monaco_Grand_Prix
USA,1950-05-30,3,1950,indianapolis,http://en.wikipedia.org/wiki/1950_Indianapolis_500
Switzerland,1950-06-04,4,1950,bremgarten,http://en.wikipedia.org/wiki/1950_Swiss_Grand_Prix
Belgium,1950-06-18,5,1950,spa,http://en.wikipedia.org/wiki/1950_Belgian_Grand_Prix
France,1950-07-02,6,1950,reims,http://en.wikipedia.org/wiki/1950_French_Grand_Prix
Italy,1950-09-03,7,1950,monza,http://en.wikipedia.org/wiki/1950_Italian_Grand_Prix
Switzerland,1951-05-27,1,1951,bremgarten,http://en.wikipedia.org/wiki/1951_Swiss_Grand_Prix
USA,1951-05-30,2,1951,indianapolis,http://en.wikipedia.org/wiki/1951_Indianapolis_500
Belgium,1951-06-17,3,1951,spa,http://en.wikipedia.org/wiki/1951_Belgian_Grand_Prix
France,1951-07-01,4,1951,reims,http://en.wikipedia.org/wiki/1951_French_Grand_Prix
UK,1951-07-14,5,1951,silverstone,http://en.wikipedia.org/wiki/1951_British_Grand_Prix
Germany,1951-07-29,6,1951,nurburgring,http://en.wikipedia.org/wiki/1951_German_Grand_Prix
Italy,1951-09-16,7,1951,monza,http://en.wikipedia.org/wiki/1951_Italian_Grand_Prix
Spain,1951-10-28,8,1951,pedralbes,http://en.wikipedia.org/wiki/1951_Spanish_Grand_Prix
Switzerland,1952-05-18,1,1952,bremgarten,http://en.wikipedia.org/wiki/1952_Swiss_Grand_Prix
USA,1952-05-30,2,1952,indianapolis,http://en.wikipedia.org/wiki/1952_Indianapolis_500
Belgium,1952-06-22,3,1952,spa,http://en.wikipedia.org/wiki/1952_Belgian_Grand_Prix
France,1952-07-06,4,1952,essarts,http://en.wikipedia.org/wiki/1952_French_Grand_Prix
UK,1952-07-19,5,1952,silverstone,http://en.wikipedia.org/wiki/1952_British_Grand_Prix
Germany,1952-08-03,6,1952,nurburgring,http://en.wikipedia.org/wiki/1952_German_Grand_Prix
Netherlands,1952-08-17,7,1952,zandvoort,http://en.wikipedia.org/wiki/1952_Dutch_Grand_Prix
Italy,1952-09-07,8,1952,monza,http://en.wikipedia.org/wiki/1952_Italian_Grand_Prix
Argentina,1953-01-18,1,1953,galvez,http://en.wikipedia.org/wiki/1953_Argentine_Grand_Prix
USA,1953-05-30,2,1953,indianapolis,http://en.wikipedia.org/wiki/1953_Indianapolis_500
Netherlands,1953-06-07,3,1953,zandvoort,http://en.wikipedia.org/wiki/1953_Dutch_Grand_Prix
Belgium,1953-06-21,4,1953,spa,http://en.wikipedia.org/wiki/1953_Belgian_Grand_Prix
France,1953-07-05,5,1953,reims,http://en.wikipedia.org/wiki/1953_French_Grand_Prix
UK,1953-07-18,6,1953,silverstone,http://en.wikipedia.org/wiki/1953_British_Grand_Prix
Germany,1953-08-02,7,1953,nurburgring,http://en.wikipedia.org/wiki/1953_German_Grand_Prix
Switzerland,1953-08-23,8,1953,bremgarten,http://en.wikipedia.org/wiki/1953_Swiss_Grand_Prix
Italy,1953-09-13,9,1953,monza,http://en.wikipedia.org/wiki/1953_Italian_Grand_Prix
Argentina,1954-01-17,1,1954,galvez,http://en.wikipedia.org/wiki/1954_Argentine_Grand_Prix
USA,1954-05-31,2,1954,indianapolis,http://en.wikipedia.org/wiki/1954_Indianapolis_500
Belgium,1954-06-20,3,1954,spa,http://en.wikipedia.org/wiki/1954_Belgian_Grand_Prix
France,1954-07-04,4,1954,reims,http://en.wikipedia.org/wiki/1954_French_Grand_Prix
UK,1954-07-17,5,1954,silverstone,http://en.wikipedia.org/wiki/1954_British_Grand_Prix
Germany,1954-08-01,6,1954,nurburgring,http://en.wikipedia.org/wiki/1954_German_Grand_Prix
Switzerland,1954-08-22,7,1954,bremgarten,http://en.wikipedia.org/wiki/1954_Swiss_Grand_Prix
Italy,1954-09-05,8,1954,monza,http://en.wikipedia.org/wiki/1954_Italian_Grand_Prix
Spain,1954-10-24,9,1954,pedralbes,http://en.wikipedia.org/wiki/1954_Spanish_Grand_Prix
Argentina,1955-01-16,1,1955,galvez,http://en.wikipedia.org/wiki/1955_Argentine_Grand_Prix
Monaco,1955-05-22,2,1955,monaco,http://en.wikipedia.org/wiki/1955_Monaco_Grand_Prix
USA,1955-05-30,3,1955,indianapolis,http://en.wikipedia.org/wiki/1955_Indianapolis_500
Belgium,1955-06-05,4,1955,spa,http://en.wikipedia.org/wiki/1955_Belgian_Grand_Prix
Netherlands,1955-06-19,5,1955,zandvoort,http://en.wikipedia.org/wiki/1955_Dutch_Grand_Prix
UK,1955-07-16,6,1955,aintree,http://en.wikipedia.org/wiki/1955_British_Grand_Prix
Italy,1955-09-11,7,1955,monza,http://en.wikipedia.org/wiki/1955_Italian_Grand_Prix
Argentina,1956-01-22,1,1956,galvez,http://en.wikipedia.org/wiki/1956_Argentine_Grand_Prix
Monaco,1956-05-13,2,1956,monaco,http://en.wikipedia.org/wiki/1956_Monaco_Grand_Prix
USA,1956-05-30,3,1956,indianapolis,http://en.wikipedia.org/wiki/1956_Indianapolis_500
Belgium,1956-06-03,4,1956,spa,http://en.wikipedia.org/wiki/1956_Belgian_Grand_Prix
France,1956-07-01,5,1956,reims,http://en.wikipedia.org/wiki/1956_French_Grand_Prix
UK,1956-07-14,6,1956,silverstone,http://en.wikipedia.org/wiki/1956_British_Grand_Prix
Germany,1956-08-05,7,1956,nurburgring,http://en.wikipedia.org/wiki/1956_German_Grand_Prix
Italy,1956-09-02,8,1956,monza,http://en.wikipedia.org/wiki/1956_Italian_Grand_Prix
Argentina,1957-01-13,1,1957,galvez,http://en.wikipedia.org/wiki/1957_Argentine_Grand_Prix
Monaco,1957-05-19,2,1957,monaco,http://en.wikipedia.org/wiki/1957_Monaco_Grand_Prix
USA,1957-05-30,3,1957,indianapolis,http://en.wikipedia.org/wiki/1957_Indianapolis_500
France,1957-07-07,4,1957,essarts,http://en.wikipedia.org/wiki/1957_French_Grand_Prix
UK,1957-07-20,5,1957,aintree,http://en.wikipedia.org/wiki/1957_British_Grand_Prix
Germany,1957-08-04,6,1957,nurburgring,http://en.wikipedia.org/wiki/1957_German_Grand_Prix
Italy,1957-08-18,7,1957,pescara,http://en.wikipedia.org/wiki/1957_Pescara_Grand_Prix
Italy,1957-09-08,8,1957,monza,http://en.wikipedia.org/wiki/1957_Italian_Grand_Prix
Argentina,1958-01-19,1,1958,galvez,http://en.wikipedia.org/wiki/1958_Argentine_Grand_Prix
Monaco,1958-05-18,2,1958,monaco,http://en.wikipedia.org/wiki/1958_Monaco_Grand_Prix
Netherlands,1958-05-26,3,1958,zandvoort,http://en.wikipedia.org/wiki/1958_Dutch_Grand_Prix
USA,1958-05-30,4,1958,indianapolis,http://en.wikipedia.org/wiki/1958_Indianapolis_500
Belgium,1958-06-15,5,1958,spa,http://en.wikipedia.org/wiki/1958_Belgian_Grand_Prix
France,1958-07-06,6,1958,reims,http://en.wikipedia.org/wiki/1958_French_Grand_Prix
UK,1958-07-19,7,1958,silverstone,http://en.wikipedia.org/wiki/1958_British_Grand_Prix
Germany,1958-08-03,8,1958,nurburgring,http://en.wikipedia.org/wiki/1958_German_Grand_Prix
Portugal,1958-08-24,9,1958,boavista,http://en.wikipedia.org/wiki/1958_Portuguese_Grand_Prix
Italy,1958-09-07,10,1958,monza,http://en.wikipedia.org/wiki/1958_Italian_Grand_Prix
Morocco,1958-10-19,11,1958,ain-diab,http://en.wikipedia.org/wiki/1958_Moroccan_Grand_Prix
Monaco,1959-05-10,1,1959,monaco,http://en.wikipedia.org/wiki/1959_Monaco_Grand_Prix
USA,1959-05-30,2,1959,indianapolis,http://en.wikipedia.org/wiki/1959_Indianapolis_500
Netherlands,1959-05-31,3,1959,zandvoort,http://en.wikipedia.org/wiki/1959_Dutch_Grand_Prix
France,1959-07-05,4,1959,reims,http://en.wikipedia.org/wiki/1959_French_Grand_Prix
UK,1959-07-18,5,1959,aintree,http://en.wikipedia.org/wiki/1959_British_Grand_Prix
Germany,1959-08-02,6,1959,avus,http://en.wikipedia.org/wiki/1959_German_Grand_Prix
Portugal,1959-08-23,7,1959,monsanto,http://en.wikipedia.org/wiki/1959_Portuguese_Grand_Prix
Italy,1959-09-13,8,1959,monza,http://en.wikipedia.org/wiki/1959_Italian_Grand_Prix
USA,1959-12-12,9,1959,sebring,http://en.wikipedia.org/wiki/1959_United_States_Grand_Prix
Argentina,1960-02-07,1,1960,galvez,http://en.wikipedia.org/wiki/1960_Argentine_Grand_Prix
Monaco,1960-05-29,2,1960,monaco,http://en.wikipedia.org/wiki/1960_Monaco_Grand_Prix
USA,1960-05-30,3,1960,indianapolis,http://en.wikipedia.org/wiki/1960_Indianapolis_500
Netherlands,1960-06-06,4,1960,zandvoort,http://en.wikipedia.org/wiki/1960_Dutch_Grand_Prix
Belgium,1960-06-19,5,1960,spa,http://en.wikipedia.org/wiki/1960_Belgian_Grand_Prix
France,1960-07-03,6,1960,reims,http://en.wikipedia.org/wiki/1960_French_Grand_Prix
UK,1960-07-16,7,1960,silverstone,http://en.wikipedia.org/wiki/1960_British_Grand_Prix
Portugal,1960-08-14,8,1960,boavista,http://en.wikipedia.org/wiki/1960_Portuguese_Grand_Prix
Italy,1960-09-04,9,1960,monza,http://en.wikipedia.org/wiki/1960_Italian_Grand_Prix
USA,1960-11-20,10,1960,riverside,http://en.wikipedia.org/wiki/1960_United_States_Grand_Prix
Monaco,1961-05-14,1,1961,monaco,http://en.wikipedia.org/wiki/1961_Monaco_Grand_Prix
Netherlands,1961-05-22,2,1961,zandvoort,http://en.wikipedia.org/wiki/1961_Dutch_Grand_Prix
Belgium,1961-06-18,3,1961,spa,http://en.wikipedia.org/wiki/1961_Belgian_Grand_Prix
France,1961-07-02,4,1961,reims,http://en.wikipedia.org/wiki/1961_French_Grand_Prix
UK,1961-07-15,5,1961,aintree,http://en.wikipedia.org/wiki/1961_British_Grand_Prix
Germany,1961-08-06,6,1961,nurburgring,http://en.wikipedia.org/wiki/1961_German_Grand_Prix
Italy,1961-09-10,7,1961,monza,http://en.wikipedia.org/wiki/1961_Italian_Grand_Prix
USA,1961-10-08,8,1961,watkins_glen,http://en.wikipedia.org/wiki/1961_United_States_Grand_Prix
Netherlands,1962-05-20,1,1962,zandvoort,http://en.wikipedia.org/wiki/1962_Dutch_Grand_Prix
Monaco,1962-06-03,2,1962,monaco,http://en.wikipedia.org/wiki/1962_Monaco_Grand_Prix
Belgium,1962-06-17,3,1962,spa,http://en.wikipedia.org/wiki/1962_Belgian_Grand_Prix
France,1962-07-08,4,1962,essarts,http://en.wikipedia.org/wiki/1962_French_Grand_Prix
UK,1962-07-21,5,1962,aintree,http://en.wikipedia.org/wiki/1962_British_Grand_Prix
Germany,1962-08-05,6,1962,nurburgring,http://en.wikipedia.org/wiki/1962_German_Grand_Prix
Italy,1962-09-16,7,1962,monza,http://en.wikipedia.org/wiki/1962_Italian_Grand_Prix
USA,1962-10-07,8,1962,watkins_glen,http://en.wikipedia.org/wiki/1962_United_States_Grand_Prix
South Africa,1962-12-29,9,1962,george,http://en.wikipedia.org/wiki/1962_South_African_Grand_Prix
Monaco,1963-05-26,1,1963,monaco,http://en.wikipedia.org/wiki/1963_Monaco_Grand_Prix
Belgium,1963-06-09,2,1963,spa,http://en.wikipedia.org/wiki/1963_Belgian_Grand_Prix
Netherlands,1963-06-23,3,1963,zandvoort,http://en.wikipedia.org/wiki/1963_Dutch_Grand_Prix
France,1963-06-30,4,1963,reims,http://en.wikipedia.org/wiki/1963_French_Grand_Prix
UK,1963-07-20,5,1963,silverstone,http://en.wikipedia.org/wiki/1963_British_Grand_Prix
Germany,1963-08-04,6,1963,nurburgring,http://en.wikipedia.org/wiki/1963_German_Grand_Prix
Italy,1963-09-08,7,1963,monza,http://en.wikipedia.org/wiki/1963_Italian_Grand_Prix
USA,1963-10-06,8,1963,watkins_glen,http://en.wikipedia.org/wiki/1963_United_States_Grand_Prix
Mexico,1963-10-27,9,1963,rodriguez,http://en.wikipedia.org/wiki/1963_Mexican_Grand_Prix
South Africa,1963-12-28,10,1963,george,http://en.wikipedia.org/wiki/1963_South_African_Grand_Prix
Monaco,1964-05-10,1,1964,monaco,http://en.wikipedia.org/wiki/1964_Monaco_Grand_Prix
Netherlands,1964-05-24,2,1964,zandvoort,http://en.wikipedia.org/wiki/1964_Dutch_Grand_Prix
Belgium,1964-06-14,3,1964,spa,http://en.wikipedia.org/wiki/1964_Belgian_Grand_Prix
France,1964-06-28,4,1964,essarts,http://en.wikipedia.org/wiki/1964_French_Grand_Prix
UK,1964-07-11,5,1964,brands_hatch,http://en.wikipedia.org/wiki/1964_British_Grand_Prix
Germany,1964-08-02,6,1964,nurburgring,http://en.wikipedia.org/wiki/1964_German_Grand_Prix
Austria,1964-08-23,7,1964,zeltweg,http://en.wikipedia.org/wiki/1964_Austrian_Grand_Prix
Italy,1964-09-06,8,1964,monza,http://en.wikipedia.org/wiki/1964_Italian_Grand_Prix
USA,1964-10-04,9,1964,watkins_glen,http://en.wikipedia.org/wiki/1964_United_States_Grand_Prix
Mexico,1964-10-25,10,1964,rodriguez,http://en.wikipedia.org/wiki/1964_Mexican_Grand_Prix
South Africa,1965-01-01,1,1965,george,http://en.wikipedia.org/wiki/1965_South_African_Grand_Prix
Monaco,1965-05-30,2,1965,monaco,http://en.wikipedia.org/wiki/1965_Monaco_Grand_Prix
Belgium,1965-06-13,3,1965,spa,http://en.wikipedia.org/wiki/1965_Belgian_Grand_Prix
France,1965-06-27,4,1965,charade,http://en.wikipedia.org/wiki/1965_French_Grand_Prix
UK,1965-07-10,5,1965,silverstone,http://en.wikipedia.org/wiki/1965_British_Grand_Prix
Netherlands,1965-07-18,6,1965,zandvoort,http://en.wikipedia.org/wiki/1965_Dutch_Grand_Prix
Germany,1965-08-01,7,1965,nurburgring,http://en.wikipedia.org/wiki/1965_German_Grand_Prix
Italy,1965-09-12,8,1965,monza,http://en.wikipedia.org/wiki/1965_Italian_Grand_Prix
USA,1965-10-03,9,1965,watkins_glen,http://en.wikipedia.org/wiki/1965_United_States_Grand_Prix
Mexico,1965-10-24,10,1965,rodriguez,http://en.wikipedia.org/wiki/1965_Mexican_Grand_Prix
Monaco,1966-05-22,1,1966,monaco,http://en.wikipedia.org/wiki/1966_Monaco_Grand_Prix
Belgium,1966-06-12,2,1966,spa,http://en.wikipedia.org/wiki/1966_Belgian_Grand_Prix
France,1966-07-03,3,1966,reims,http://en.wikipedia.org/wiki/1966_French_Grand_Prix
UK,1966-07-16,4,1966,brands_hatch,http://en.wikipedia.org/wiki/1966_British_Grand_Prix
Netherlands,1966-07-24,5,1966,zandvoort,http://en.wikipedia.org/wiki/1966_Dutch_Grand_Prix
Germany,1966-08-07,6,1966,nurburgring,http://en.wikipedia.org/wiki/1966_German_Grand_Prix
Italy,1966-09-04,7,1966,monza,http://en.wikipedia.org/wiki/1966_Italian_Grand_Prix
USA,1966-10-02,8,1966,watkins_glen,http://en.wikipedia.org/wiki/1966_United_States_Grand_Prix
Mexico,1966-10-23,9,1966,rodriguez,http://en.wikipedia.org/wiki/1966_Mexican_Grand_Prix
South Africa,1967-01-02,1,1967,kyalami,http://en.wikipedia.org/wiki/1967_South_African_Grand_Prix
Monaco,1967-05-07,2,1967,monaco,http://en.wikipedia.org/wiki/1967_Monaco_Grand_Prix
Netherlands,1967-06-04,3,1967,zandvoort,http://en.wikipedia.org/wiki/1967_Dutch_Grand_Prix
Belgium,1967-06-18,4,1967,spa,http://en.wikipedia.org/wiki/1967_Belgian_Grand_Prix
France,1967-07-02,5,1967,lemans,http://en.wikipedia.org/wiki/1967_French_Grand_Prix
UK,1967-07-15,6,1967,silverstone,http://en.wikipedia.org/wiki/1967_British_Grand_Prix
Germany,1967-08-06,7,1967,nurburgring,http://en.wikipedia.org/wiki/1967_German_Grand_Prix
Canada,1967-08-27,8,1967,mosport,http://en.wikipedia.org/wiki/1967_Canadian_Grand_Prix
Italy,1967-09-10,9,1967,monza,http://en.wikipedia.org/wiki/1967_Italian_Grand_Prix
USA,1967-10-01,10,1967,watkins_glen,http://en.wikipedia.org/wiki/1967_United_States_Grand_Prix
Mexico,1967-10-22,11,1967,rodriguez,http://en.wikipedia.org/wiki/1967_Mexican_Grand_Prix
South Africa,1968-01-01,1,1968,kyalami,http://en.wikipedia.org/wiki/1968_South_African_Grand_Prix
Spain,1968-05-12,2,1968,jarama,http://en.wikipedia.org/wiki/1968_Spanish_Grand_Prix
Monaco,1968-05-26,3,1968,monaco,http://en.wikipedia.org/wiki/1968_Monaco_Grand_Prix
Belgium,1968-06-09,4,1968,spa,http://en.wikipedia.org/wiki/1968_Belgian_Grand_Prix
Netherlands,1968-06-23,5,1968,zandvoort,http://en.wikipedia.org/wiki/1968_Dutch_Grand_Prix
France,1968-07-07,6,1968,essarts,http://en.wikipedia.org/wiki/1968_French_Grand_Prix
UK,1968-07-20,7,1968,brands_hatch,http://en.wikipedia.org/wiki/1968_British_Grand_Prix
Germany,1968-08-04,8,1968,nurburgring,http://en.wikipedia.org/wiki/1968_German_Grand_Prix
Italy,1968-09-08,9,1968,monza,http://en.wikipedia.org/wiki/1968_Italian_Grand_Prix
Canada,1968-09-22,10,1968,tremblant,http://en.wikipedia.org/wiki/1968_Canadian_Grand_Prix
USA,1968-10-06,11,1968,watkins_glen,http://en.wikipedia.org/wiki/1968_United_States_Grand_Prix
Mexico,1968-11-03,12,1968,rodriguez,http://en.wikipedia.org/wiki/1968_Mexican_Grand_Prix
South Africa,1969-03-01,1,1969,kyalami,http://en.wikipedia.org/wiki/1969_South_African_Grand_Prix
Spain,1969-05-04,2,1969,montjuic,http://en.wikipedia.org/wiki/1969_Spanish_Grand_Prix
Monaco,1969-05-18,3,1969,monaco,http://en.wikipedia.org/wiki/1969_Monaco_Grand_Prix
Netherlands,1969-06-21,4,1969,zandvoort,http://en.wikipedia.org/wiki/1969_Dutch_Grand_Prix
France,1969-07-06,5,1969,charade,http://en.wikipedia.org/wiki/1969_French_Grand_Prix
UK,1969-07-19,6,1969,silverstone,http://en.wikipedia.org/wiki/1969_British_Grand_Prix
Germany,1969-08-03,7,1969,nurburgring,http://en.wikipedia.org/wiki/1969_German_Grand_Prix
Italy,1969-09-07,8,1969,monza,http://en.wikipedia.org/wiki/1969_Italian_Grand_Prix
Canada,1969-09-20,9,1969,mosport,http://en.wikipedia.org/wiki/1969_Canadian_Grand_Prix
USA,1969-10-05,10,1969,watkins_glen,http://en.wikipedia.org/wiki/1969_United_States_Grand_Prix
Mexico,1969-10-19,11,1969,rodriguez,http://en.wikipedia.org/wiki/1969_Mexican_Grand_Prix
South Africa,1970-03-07,1,1970,kyalami,http://en.wikipedia.org/wiki/1970_South_African_Grand_Prix
Spain,1970-04-19,2,1970,jarama,http://en.wikipedia.org/wiki/1970_Spanish_Grand_Prix
Monaco,1970-05-10,3,1970,monaco,http://en.wikipedia.org/wiki/1970_Monaco_Grand_Prix
Belgium,1970-06-07,4,1970,spa,http://en.wikipedia.org/wiki/1970_Belgian_Grand_Prix
Netherlands,1970-06-21,5,1970,zandvoort,http://en.wikipedia.org/wiki/1970_Dutch_Grand_Prix
France,1970-07-05,6,1970,charade,http://en.wikipedia.org/wiki/1970_French_Grand_Prix
UK,1970-07-18,7,1970,brands_hatch,http://en.wikipedia.org/wiki/1970_British_Grand_Prix
Germany,1970-08-02,8,1970,hockenheimring,http://en.wikipedia.org/wiki/1970_German_Grand_Prix
Austria,1970-08-16,9,1970,osterreichring,http://en.wikipedia.org/wiki/1970_Austrian_Grand_Prix
Italy,1970-09-06,10,1970,monza,http://en.wikipedia.org/wiki/1970_Italian_Grand_Prix
Canada,1970-09-20,11,1970,tremblant,http://en.wikipedia.org/wiki/1970_Canadian_Grand_Prix
USA,1970-10-04,12,1970,watkins_glen,http://en.wikipedia.org/wiki/1970_United_States_Grand_Prix
Mexico,1970-10-25,13,1970,rodriguez,http://en.wikipedia.org/wiki/1970_Mexican_Grand_Prix
South Africa,1971-03-06,1,1971,kyalami,http://en.wikipedia.org/wiki/1971_South_African_Grand_Prix
Spain,1971-04-18,2,1971,montjuic,http://en.wikipedia.org/wiki/1971_Spanish_Grand_Prix
Monaco,1971-05-23,3,1971,monaco,http://en.wikipedia.org/wiki/1971_Monaco_Grand_Prix
Netherlands,1971-06-20,4,1971,zandvoort,http://en.wikipedia.org/wiki/1971_Dutch_Grand_Prix
France,1971-07-04,5,1971,ricard,http://en.wikipedia.org/wiki/1971_French_Grand_Prix
UK,1971-07-17,6,1971,silverstone,http://en.wikipedia.org/wiki/1971_British_Grand_Prix
Germany,1971-08-01,7,1971,nurburgring,http://en.wikipedia.org/wiki/1971_German_Grand_Prix
Austria,1971-08-15,8,1971,osterreichring,http://en.wikipedia.org/wiki/1971_Austrian_Grand_Prix
Italy,1971-09-05,9,1971,monza,http://en.wikipedia.org/wiki/1971_Italian_Grand_Prix
Canada,1971-09-19,10,1971,mosport,http://en.wikipedia.org/wiki/1971_Canadian_Grand_Prix
USA,1971-10-03,11,1971,watkins_glen,http://en.wikipedia.org/wiki/1971_United_States_Grand_Prix
Argentina,1972-01-23,1,1972,galvez,http://en.wikipedia.org/wiki/1972_Argentine_Grand_Prix
South Africa,1972-03-04,2,1972,kyalami,http://en.wikipedia.org/wiki/1972_South_African_Grand_Prix
Spain,1972-05-01,3,1972,jarama,http://en.wikipedia.org/wiki/1972_Spanish_Grand_Prix
Monaco,1972-05-14,4,1972,monaco,http://en.wikipedia.org/wiki/1972_Monaco_Grand_Prix
Belgium,1972-06-04,5,1972,nivelles,http://en.wikipedia.org/wiki/1972_Belgian_Grand_Prix
France,1972-07-02,6,1972,charade,http://en.wikipedia.org/wiki/1972_French_Grand_Prix
UK,1972-07-15,7,1972,brands_hatch,http://en.wikipedia.org/wiki/1972_British_Grand_Prix
Germany,1972-07-30,8,1972,nurburgring,http://en.wikipedia.org/wiki/1972_German_Grand_Prix
Austria,1972-08-13,9,1972,osterreichring,http://en.wikipedia.org/wiki/1972_Austrian_Grand_Prix
Italy,1972-09-10,10,1972,monza,http://en.wikipedia.org/wiki/1972_Italian_Grand_Prix
Canada,1972-09-24,11,1972,mosport,http://en.wikipedia.org/wiki/1972_Canadian_Grand_Prix
USA,1972-10-08,12,1972,watkins_glen,http://en.wikipedia.org/wiki/1972_United_States_Grand_Prix
Argentina,1973-01-28,1,1973,galvez,http://en.wikipedia.org/wiki/1973_Argentine_Grand_Prix
Brazil,1973-02-11,2,1973,interlagos,http://en.wikipedia.org/wiki/1973_Brazilian_Grand_Prix
South Africa,1973-03-03,3,1973,kyalami,http://en.wikipedia.org/wiki/1973_South_African_Grand_Prix
Spain,1973-04-29,4,1973,montjuic,http://en.wikipedia.org/wiki/1973_Spanish_Grand_Prix
Belgium,1973-05-20,5,1973,zolder,http://en.wikipedia.org/wiki/1973_Belgian_Grand_Prix
Monaco,1973-06-03,6,1973,monaco,http://en.wikipedia.org/wiki/1973_Monaco_Grand_Prix
Sweden,1973-06-17,7,1973,anderstorp,http://en.wikipedia.org/wiki/1973_Swedish_Grand_Prix
France,1973-07-01,8,1973,ricard,http://en.wikipedia.org/wiki/1973_French_Grand_Prix
UK,1973-07-14,9,1973,silverstone,http://en.wikipedia.org/wiki/1973_British_Grand_Prix
Netherlands,1973-07-29,10,1973,zandvoort,http://en.wikipedia.org/wiki/1973_Dutch_Grand_Prix
Germany,1973-08-05,11,1973,nurburgring,http://en.wikipedia.org/wiki/1973_German_Grand_Prix
Austria,1973-08-19,12,1973,osterreichring,http://en.wikipedia.org/wiki/1973_Austrian_Grand_Prix
Italy,1973-09-09,13,1973,monza,http://en.wikipedia.org/wiki/1973_Italian_Grand_Prix
Canada,1973-09-23,14,1973,mosport,http://en.wikipedia.org/wiki/1973_Canadian_Grand_Prix
USA,1973-10-07,15,1973,watkins_glen,http://en.wikipedia.org/wiki/1973_United_States_Grand_Prix
Argentina,1974-01-13,1,1974,galvez,http://en.wikipedia.org/wiki/1974_Argentine_Grand_Prix
Brazil,1974-01-27,2,1974,interlagos,http://en.wikipedia.org/wiki/1974_Brazilian_Grand_Prix
South Africa,1974-03-30,3,1974,kyalami,http://en.wikipedia.org/wiki/1974_South_African_Grand_Prix
Spain,1974-04-28,4,1974,jarama,http://en.wikipedia.org/wiki/1974_Spanish_Grand_Prix
Belgium,1974-05-12,5,1974,nivelles,http://en.wikipedia.org/wiki/1974_Belgian_Grand_Prix
Monaco,1974-05-26,6,1974,monaco,http://en.wikipedia.org/wiki/1974_Monaco_Grand_Prix
Sweden,1974-06-09,7,1974,anderstorp,http://en.wikipedia.org/wiki/1974_Swedish_Grand_Prix
Netherlands,1974-06-23,8,1974,zandvoort,http://en.wikipedia.org/wiki/1974_Dutch_Grand_Prix
France,1974-07-07,9,1974,dijon,http://en.wikipedia.org/wiki/1974_French_Grand_Prix
UK,1974-07-20,10,1974,brands_hatch,http://en.wikipedia.org/wiki/1974_British_Grand_Prix
Germany,1974-08-04,11,1974,nurburgring,http://en.wikipedia.org/wiki/1974_German_Grand_Prix
Austria,1974-08-18,12,1974,osterreichring,http://en.wikipedia.org/wiki/1974_Austrian_Grand_Prix
Italy,1974-09-08,13,1974,monza,http://en.wikipedia.org/wiki/1974_Italian_Grand_Prix
Canada,1974-09-22,14,1974,mosport,http://en.wikipedia.org/wiki/1974_Canadian_Grand_Prix
USA,1974-10-06,15,1974,watkins_glen,http://en.wikipedia.org/wiki/1974_United_States_Grand_Prix
Argentina,1975-01-12,1,1975,galvez,http://en.wikipedia.org/wiki/1975_Argentine_Grand_Prix
Brazil,1975-01-26,2,1975,interlagos,http://en.wikipedia.org/wiki/1975_Brazilian_Grand_Prix
South Africa,1975-03-01,3,1975,kyalami,http://en.wikipedia.org/wiki/1975_South_African_Grand_Prix
Spain,1975-04-27,4,1975,montjuic,http://en.wikipedia.org/wiki/1975_Spanish_Grand_Prix
Monaco,1975-05-11,5,1975,monaco,http://en.wikipedia.org/wiki/1975_Monaco_Grand_Prix
Belgium,1975-05-25,6,1975,zolder,http://en.wikipedia.org/wiki/1975_Belgian_Grand_Prix
Sweden,1975-06-08,7,1975,anderstorp,http://en.wikipedia.org/wiki/1975_Swedish_Grand_Prix
Netherlands,1975-06-22,8,1975,zandvoort,http://en.wikipedia.org/wiki/1975_Dutch_Grand_Prix
France,1975-07-06,9,1975,ricard,http://en.wikipedia.org/wiki/1975_French_Grand_Prix
UK,1975-07-19,10,1975,silverstone,http://en.wikipedia.org/wiki/1975_British_Grand_Prix
Germany,1975-08-03,11,1975,nurburgring,http://en.wikipedia.org/wiki/1975_German_Grand_Prix
Austria,1975-08-17,12,1975,osterreichring,http://en.wikipedia.org/wiki/1975_Austrian_Grand_Prix
Italy,1975-09-07,13,1975,monza,http://en.wikipedia.org/wiki/1975_Italian_Grand_Prix
USA,1975-10-05,14,1975,watkins_glen,http://en.wikipedia.org/wiki/1975_United_States_Grand_Prix
Brazil,1976-01-25,1,1976,interlagos,http://en.wikipedia.org/wiki/1976_Brazilian_Grand_Prix
South Africa,1976-03-06,2,1976,kyalami,http://en.wikipedia.org/wiki/1976_South_African_Grand_Prix
USA,1976-03-28,3,1976,long_beach,http://en.wikipedia.org/wiki/1976_United_States_Grand_Prix_West
Spain,1976-05-02,4,1976,jarama,http://en.wikipedia.org/wiki/1976_Spanish_Grand_Prix
Belgium,1976-05-16,5,1976,zolder,http://en.wikipedia.org/wiki/1976_Belgian_Grand_Prix
Monaco,1976-05-30,6,1976,monaco,http://en.wikipedia.org/wiki/1976_Monaco_Grand_Prix
Sweden,1976-06-13,7,1976,anderstorp,http://en.wikipedia.org/wiki/1976_Swedish_Grand_Prix
France,1976-07-04,8,1976,ricard,http://en.wikipedia.org/wiki/1976_French_Grand_Prix
UK,1976-07-18,9,1976,brands_hatch,http://en.wikipedia.org/wiki/1976_British_Grand_Prix
Germany,1976-08-01,10,1976,nurburgring,http://en.wikipedia.org/wiki/1976_German_Grand_Prix
Austria,1976-08-15,11,1976,osterreichring,http://en.wikipedia.org/wiki/1976_Austrian_Grand_Prix
Netherlands,1976-08-29,12,1976,zandvoort,http://en.wikipedia.org/wiki/1976_Dutch_Grand_Prix
Italy,1976-09-12,13,1976,monza,http://en.wikipedia.org/wiki/1976_Italian_Grand_Prix
Canada,1976-10-03,14,1976,mosport,http://en.wikipedia.org/wiki/1976_Canadian_Grand_Prix
USA,1976-10-10,15,1976,watkins_glen,http://en.wikipedia.org/wiki/1976_United_States_Grand_Prix
Japan,1976-10-24,16,1976,fuji,http://en.wikipedia.org/wiki/1976_Japanese_Grand_Prix
Argentina,1977-01-09,1,1977,galvez,http://en.wikipedia.org/wiki/1977_Argentine_Grand_Prix
Brazil,1977-01-23,2,1977,interlagos,http://en.wikipedia.org/wiki/1977_Brazilian_Grand_Prix
South Africa,1977-03-05,3,1977,kyalami,http://en.wikipedia.org/wiki/1977_South_African_Grand_Prix
USA,1977-04-03,4,1977,long_beach,http://en.wikipedia.org/wiki/1977_United_States_Grand_Prix_West
Spain,1977-05-08,5,1977,jarama,http://en.wikipedia.org/wiki/1977_Spanish_Grand_Prix
Monaco,1977-05-22,6,1977,monaco,http://en.wikipedia.org/wiki/1977_Monaco_Grand_Prix
Belgium,1977-06-05,7,1977,zolder,http://en.wikipedia.org/wiki/1977_Belgian_Grand_Prix
Sweden,1977-06-19,8,1977,anderstorp,http://en.wikipedia.org/wiki/1977_Swedish_Grand_Prix
France,1977-07-03,9,1977,dijon,http://en.wikipedia.org/wiki/1977_French_Grand_Prix
UK,1977-07-16,10,1977,silverstone,http://en.wikipedia.org/wiki/1977_British_Grand_Prix
Germany,1977-07-31,11,1977,hockenheimring,http://en.wikipedia.org/wiki/1977_German_Grand_Prix
Austria,1977-08-14,12,1977,osterreichring,http://en.wikipedia.org/wiki/1977_Austrian_Grand_Prix
Netherlands,1977-08-28,13,1977,zandvoort,http://en.wikipedia.org/wiki/1977_Dutch_Grand_Prix
Italy,1977-09-11,14,1977,monza,http://en.wikipedia.org/wiki/1977_Italian_Grand_Prix
USA,1977-10-02,15,1977,watkins_glen,http://en.wikipedia.org/wiki/1977_United_States_Grand_Prix
Canada,1977-10-09,16,1977,mosport,http://en.wikipedia.org/wiki/1977_Canadian_Grand_Prix
Japan,1977-10-23,17,1977,fuji,http://en.wikipedia.org/wiki/1977_Japanese_Grand_Prix
Argentina,1978-01-15,1,1978,galvez,http://en.wikipedia.org/wiki/1978_Argentine_Grand_Prix
Brazil,1978-01-29,2,1978,jacarepagua,http://en.wikipedia.org/wiki/1978_Brazilian_Grand_Prix
South Africa,1978-03-04,3,1978,kyalami,http://en.wikipedia.org/wiki/1978_South_African_Grand_Prix
USA,1978-04-02,4,1978,long_beach,http://en.wikipedia.org/wiki/1978_United_States_Grand_Prix_West
Monaco,1978-05-07,5,1978,monaco,http://en.wikipedia.org/wiki/1978_Monaco_Grand_Prix
Belgium,1978-05-21,6,1978,zolder,http://en.wikipedia.org/wiki/1978_Belgian_Grand_Prix
Spain,1978-06-04,7,1978,jarama,http://en.wikipedia.org/wiki/1978_Spanish_Grand_Prix
Sweden,1978-06-17,8,1978,anderstorp,http://en.wikipedia.org/wiki/1978_Swedish_Grand_Prix
France,1978-07-02,9,1978,ricard,http://en.wikipedia.org/wiki/1978_French_Grand_Prix
UK,1978-07-16,10,1978,brands_hatch,http://en.wikipedia.org/wiki/1978_British_Grand_Prix
Germany,1978-07-30,11,1978,hockenheimring,http://en.wikipedia.org/wiki/1978_German_Grand_Prix
Austria,1978-08-13,12,1978,osterreichring,http://en.wikipedia.org/wiki/1978_Austrian_Grand_Prix
Netherlands,1978-08-27,13,1978,zandvoort,http://en.wikipedia.org/wiki/1978_Dutch_Grand_Prix
Italy,1978-09-10,14,1978,monza,http://en.wikipedia.org/wiki/1978_Italian_Grand_Prix
USA,1978-10-01,15,1978,watkins_glen,http://en.wikipedia.org/wiki/1978_United_States_Grand_Prix
Canada,1978-10-08,16,1978,villeneuve,http://en.wikipedia.org/wiki/1978_Canadian_Grand_Prix
Argentina,1979-01-21,1,1979,galvez,http://en.wikipedia.org/wiki/1979_Argentine_Grand_Prix
Brazil,1979-02-04,2,1979,interlagos,http://en.wikipedia.org/wiki/1979_Brazilian_Grand_Prix
South Africa,1979-03-03,3,1979,kyalami,http://en.wikipedia.org/wiki/1979_South_African_Grand_Prix
USA,1979-04-08,4,1979,long_beach,http://en.wikipedia.org/wiki/1979_United_States_Grand_Prix_West
Spain,1979-04-29,5,1979,jarama,http://en.wikipedia.org/wiki/1979_Spanish_Grand_Prix
Belgium,1979-05-13,6,1979,zolder,http://en.wikipedia.org/wiki/1979_Belgian_Grand_Prix
Monaco,1979-05-27,7,1979,monaco,http://en.wikipedia.org/wiki/1979_Monaco_Grand_Prix
France,1979-07-01,8,1979,dijon,http://en.wikipedia.org/wiki/1979_French_Grand_Prix
UK,1979-07-14,9,1979,silverstone,http://en.wikipedia.org/wiki/1979_British_Grand_Prix
Germany,1979-07-29,10,1979,hockenheimring,http://en.wikipedia.org/wiki/1979_German_Grand_Prix
Austria,1979-08-12,11,1979,osterreichring,http://en.wikipedia.org/wiki/1979_Austrian_Grand_Prix
Netherlands,1979-08-26,12,1979,zandvoort,http://en.wikipedia.org/wiki/1979_Dutch_Grand_Prix
Italy,1979-09-09,13,1979,monza,http://en.wikipedia.org/wiki/1979_Italian_Grand_Prix
Canada,1979-09-30,14,1979,villeneuve,http://en.wikipedia.org/wiki/1979_Canadian_Grand_Prix
USA,1979-10-07,15,1979,watkins_glen,http://en.wikipedia.org/wiki/1979_United_States_Grand_Prix
Argentina,1980-01-13,1,1980,galvez,http://en.wikipedia.org/wiki/1980_Argentine_Grand_Prix
Brazil,1980-01-27,2,1980,interlagos,http://en.wikipedia.org/wiki/1980_Brazilian_Grand_Prix
South Africa,1980-03-01,3,1980,kyalami,http://en.wikipedia.org/wiki/1980_South_African_Grand_Prix
USA,1980-03-30,4,1980,long_beach,http://en.wikipedia.org/wiki/1980_United_States_Grand_Prix_West
Belgium,1980-05-04,5,1980,zolder,http://en.wikipedia.org/wiki/1980_Belgian_Grand_Prix
Monaco,1980-05-18,6,1980,monaco,http://en.wikipedia.org/wiki/1980_Monaco_Grand_Prix
France,1980-06-29,7,1980,ricard,http://en.wikipedia.org/wiki/1980_French_Grand_Prix
UK,1980-07-13,8,1980,brands_hatch,http://en.wikipedia.org/wiki/1980_British_Grand_Prix
Germany,1980-08-10,9,1980,hockenheimring,http://en.wikipedia.org/wiki/1980_German_Grand_Prix
Austria,1980-08-17,10,1980,osterreichring,http://en.wikipedia.org/wiki/1980_Austrian_Grand_Prix
Netherlands,1980-08-31,11,1980,zandvoort,http://en.wikipedia.org/wiki/1980_Dutch_Grand_Prix
Italy,1980-09-14,12,1980,imola,http://en.wikipedia.org/wiki/1980_Italian_Grand_Prix
Canada,1980-09-28,13,1980,villeneuve,http://en.wikipedia.org/wiki/1980_Canadian_Grand_Prix
USA,1980-10-05,14,1980,watkins_glen,http://en.wikipedia.org/wiki/1980_United_States_Grand_Prix
USA,1981-03-15,1,1981,long_beach,http://en.wikipedia.org/wiki/1981_United_States_Grand_Prix_West
Brazil,1981-03-29,2,1981,jacarepagua,http://en.wikipedia.org/wiki/1981_Brazilian_Grand_Prix
Argentina,1981-04-12,3,1981,galvez,http://en.wikipedia.org/wiki/1981_Argentine_Grand_Prix
Italy,1981-05-03,4,1981,imola,http://en.wikipedia.org/wiki/1981_San_Marino_Grand_Prix
Belgium,1981-05-17,5,1981,zolder,http://en.wikipedia.org/wiki/1981_Belgian_Grand_Prix
Monaco,1981-05-31,6,1981,monaco,http://en.wikipedia.org/wiki/1981_Monaco_Grand_Prix
Spain,1981-06-21,7,1981,jarama,http://en.wikipedia.org/wiki/1981_Spanish_Grand_Prix
France,1981-07-05,8,1981,dijon,http://en.wikipedia.org/wiki/1981_French_Grand_Prix
UK,1981-07-18,9,1981,silverstone,http://en.wikipedia.org/wiki/1981_British_Grand_Prix
Germany,1981-08-02,10,1981,hockenheimring,http://en.wikipedia.org/wiki/1981_German_Grand_Prix
Austria,1981-08-16,11,1981,osterreichring,http://en.wikipedia.org/wiki/1981_Austrian_Grand_Prix
Netherlands,1981-08-30,12,1981,zandvoort,http://en.wikipedia.org/wiki/1981_Dutch_Grand_Prix
Italy,1981-09-13,13,1981,monza,http://en.wikipedia.org/wiki/1981_Italian_Grand_Prix
Canada,1981-09-27,14,1981,villeneuve,http://en.wikipedia.org/wiki/1981_Canadian_Grand_Prix
USA,1981-10-17,15,1981,las_vegas,http://en.wikipedia.org/wiki/1981_Caesars_Palace_Grand_Prix
South Africa,1982-01-23,1,1982,kyalami,http://en.wikipedia.org/wiki/1982_South_African_Grand_Prix
Brazil,1982-03-21,2,1982,jacarepagua,http://en.wikipedia.org/wiki/1982_Brazilian_Grand_Prix
USA,1982-04-04,3,1982,long_beach,http://en.wikipedia.org/wiki/1982_United_States_Grand_Prix_West
Italy,1982-04-25,4,1982,imola,http://en.wikipedia.org/wiki/1982_San_Marino_Grand_Prix
Belgium,1982-05-09,5,1982,zolder,http://en.wikipedia.org/wiki/1982_Belgian_Grand_Prix
Monaco,1982-05-23,6,1982,monaco,http://en.wikipedia.org/wiki/1982_Monaco_Grand_Prix
USA,1982-06-06,7,1982,detroit,http://en.wikipedia.org/wiki/1982_Detroit_Grand_Prix
Canada,1982-06-13,8,1982,villeneuve,http://en.wikipedia.org/wiki/1982_Canadian_Grand_Prix
Netherlands,1982-07-03,9,1982,zandvoort,http://en.wikipedia.org/wiki/1982_Dutch_Grand_Prix
UK,1982-07-18,10,1982,brands_hatch,http://en.wikipedia.org/wiki/1982_British_Grand_Prix
France,1982-07-25,11,1982,ricard,http://en.wikipedia.org/wiki/1982_French_Grand_Prix
Germany,1982-08-08,12,1982,hockenheimring,http://en.wikipedia.org/wiki/1982_German_Grand_Prix
Austria,1982-08-15,13,1982,osterreichring,http://en.wikipedia.org/wiki/1982_Austrian_Grand_Prix
France,1982-08-29,14,1982,dijon,http://en.wikipedia.org/wiki/1982_Swiss_Grand_Prix
Italy,1982-09-12,15,1982,monza,http://en.wikipedia.org/wiki/1982_Italian_Grand_Prix
USA,1982-09-25,16,1982,las_vegas,http://en.wikipedia.org/wiki/1982_Caesars_Palace_Grand_Prix
Brazil,1983-03-13,1,1983,jacarepagua,http://en.wikipedia.org/wiki/1983_Brazilian_Grand_Prix
USA,1983-03-27,2,1983,long_beach,http://en.wikipedia.org/wiki/1983_United_States_Grand_Prix_West
France,1983-04-17,3,1983,ricard,http://en.wikipedia.org/wiki/1983_French_Grand_Prix
Italy,1983-05-01,4,1983,imola,http://en.wikipedia.org/wiki/1983_San_Marino_Grand_Prix
Monaco,1983-05-15,5,1983,monaco,http://en.wikipedia.org/wiki/1983_Monaco_Grand_Prix
Belgium,1983-05-22,6,1983,spa,http://en.wikipedia.org/wiki/1983_Belgian_Grand_Prix
USA,1983-06-05,7,1983,detroit,http://en.wikipedia.org/wiki/1983_Detroit_Grand_Prix
Canada,1983-06-12,8,1983,villeneuve,http://en.wikipedia.org/wiki/1983_Canadian_Grand_Prix
UK,1983-07-16,9,1983,silverstone,http://en.wikipedia.org/wiki/1983_British_Grand_Prix
Germany,1983-08-07,10,1983,hockenheimring,http://en.wikipedia.org/wiki/1983_German_Grand_Prix
Austria,1983-08-14,11,1983,osterreichring,http://en.wikipedia.org/wiki/1983_Austrian_Grand_Prix
Netherlands,1983-08-28,12,1983,zandvoort,http://en.wikipedia.org/wiki/1983_Dutch_Grand_Prix
Italy,1983-09-11,13,1983,monza,http://en.wikipedia.org/wiki/1983_Italian_Grand_Prix
UK,1983-09-25,14,1983,brands_hatch,http://en.wikipedia.org/wiki/1983_European_Grand_Prix
South Africa,1983-10-15,15,1983,kyalami,http://en.wikipedia.org/wiki/1983_South_African_Grand_Prix
Brazil,1984-03-25,1,1984,jacarepagua,http://en.wikipedia.org/wiki/1984_Brazilian_Grand_Prix
South Africa,1984-04-07,2,1984,kyalami,http://en.wikipedia.org/wiki/1984_South_African_Grand_Prix
Belgium,1984-04-29,3,1984,zolder,http://en.wikipedia.org/wiki/1984_Belgian_Grand_Prix
Italy,1984-05-06,4,1984,imola,http://en.wikipedia.org/wiki/1984_San_Marino_Grand_Prix
France,1984-05-20,5,1984,dijon,http://en.wikipedia.org/wiki/1984_French_Grand_Prix
Monaco,1984-06-03,6,1984,monaco,http://en.wikipedia.org/wiki/1984_Monaco_Grand_Prix
Canada,1984-06-17,7,1984,villeneuve,http://en.wikipedia.org/wiki/1984_Canadian_Grand_Prix
USA,1984-06-24,8,1984,detroit,http://en.wikipedia.org/wiki/1984_Detroit_Grand_Prix
USA,1984-07-08,9,1984,dallas,http://en.wikipedia.org/wiki/1984_Dallas_Grand_Prix
UK,1984-07-22,10,1984,brands_hatch,http://en.wikipedia.org/wiki/1984_British_Grand_Prix
Germany,1984-08-05,11,1984,hockenheimring,http://en.wikipedia.org/wiki/1984_German_Grand_Prix
Austria,1984-08-19,12,1984,osterreichring,http://en.wikipedia.org/wiki/1984_Austrian_Grand_Prix
Netherlands,1984-08-26,13,1984,zandvoort,http://en.wikipedia.org/wiki/1984_Dutch_Grand_Prix
Italy,1984-09-09,14,1984,monza,http://en.wikipedia.org/wiki/1984_Italian_Grand_Prix
Germany,1984-10-07,15,1984,nurburgring,http://en.wikipedia.org/wiki/1984_European_Grand_Prix
Portugal,1984-10-21,16,1984,estoril,http://en.wikipedia.org/wiki/1984_Portuguese_Grand_Prix
Brazil,1985-04-07,1,1985,jacarepagua,http://en.wikipedia.org/wiki/1985_Brazilian_Grand_Prix
Portugal,1985-04-21,2,1985,estoril,http://en.wikipedia.org/wiki/1985_Portuguese_Grand_Prix
Italy,1985-05-05,3,1985,imola,http://en.wikipedia.org/wiki/1985_San_Marino_Grand_Prix
Monaco,1985-05-19,4,1985,monaco,http://en.wikipedia.org/wiki/1985_Monaco_Grand_Prix
Canada,1985-06-16,5,1985,villeneuve,http://en.wikipedia.org/wiki/1985_Canadian_Grand_Prix
USA,1985-06-23,6,1985,detroit,http://en.wikipedia.org/wiki/1985_Detroit_Grand_Prix
France,1985-07-07,7,1985,ricard,http://en.wikipedia.org/wiki/1985_French_Grand_Prix
UK,1985-07-21,8,1985,silverstone,http://en.wikipedia.org/wiki/1985_British_Grand_Prix
Germany,1985-08-04,9,1985,nurburgring,http://en.wikipedia.org/wiki/1985_German_Grand_Prix
Austria,1985-08-18,10,1985,osterreichring,http://en.wikipedia.org/wiki/1985_Austrian_Grand_Prix
Netherlands,1985-08-25,11,1985,zandvoort,http://en.wikipedia.org/wiki/1985_Dutch_Grand_Prix
Italy,1985-09-08,12,1985,monza,http://en.wikipedia.org/wiki/1985_Italian_Grand_Prix
Belgium,1985-09-15,13,1985,spa,http://en.wikipedia.org/wiki/1985_Belgian_Grand_Prix
UK,1985-10-06,14,1985,brands_hatch,http://en.wikipedia.org/wiki/1985_European_Grand_Prix
South Africa,1985-10-19,15,1985,kyalami,http://en.wikipedia.org/wiki/1985_South_African_Grand_Prix
Australia,1985-11-03,16,1985,adelaide,http://en.wikipedia.org/wiki/1985_Australian_Grand_Prix
Brazil,1986-03-23,1,1986,jacarepagua,http://en.wikipedia.org/wiki/1986_Brazilian_Grand_Prix
Spain,1986-04-13,2,1986,jerez,http://en.wikipedia.org/wiki/1986_Spanish_Grand_Prix
Italy,1986-04-27,3,1986,imola,http://en.wikipedia.org/wiki/1986_San_Marino_Grand_Prix
Monaco,1986-05-11,4,1986,monaco,http://en.wikipedia.org/wiki/1986_Monaco_Grand_Prix
Belgium,1986-05-25,5,1986,spa,http://en.wikipedia.org/wiki/1986_Belgian_Grand_Prix
Canada,1986-06-15,6,1986,villeneuve,http://en.wikipedia.org/wiki/1986_Canadian_Grand_Prix
USA,1986-06-22,7,1986,detroit,http://en.wikipedia.org/wiki/1986_Detroit_Grand_Prix
France,1986-07-06,8,1986,ricard,http://en.wikipedia.org/wiki/1986_French_Grand_Prix
UK,1986-07-13,9,1986,brands_hatch,http://en.wikipedia.org/wiki/1986_British_Grand_Prix
Germany,1986-07-27,10,1986,hockenheimring,http://en.wikipedia.org/wiki/1986_German_Grand_Prix
Hungary,1986-08-10,11,1986,hungaroring,http://en.wikipedia.org/wiki/1986_Hungarian_Grand_Prix
Austria,1986-08-17,12,1986,osterreichring,http://en.wikipedia.org/wiki/1986_Austrian_Grand_Prix
Italy,1986-09-07,13,1986,monza,http://en.wikipedia.org/wiki/1986_Italian_Grand_Prix
Portugal,1986-09-21,14,1986,estoril,http://en.wikipedia.org/wiki/1986_Portuguese_Grand_Prix
Mexico,1986-10-12,15,1986,rodriguez,http://en.wikipedia.org/wiki/1986_Mexican_Grand_Prix
Australia,1986-10-26,16,1986,adelaide,http://en.wikipedia.org/wiki/1986_Australian_Grand_Prix
Brazil,1987-04-12,1,1987,jacarepagua,http://en.wikipedia.org/wiki/1987_Brazilian_Grand_Prix
Italy,1987-05-03,2,1987,imola,http://en.wikipedia.org/wiki/1987_San_Marino_Grand_Prix
Belgium,1987-05-17,3,1987,spa,http://en.wikipedia.org/wiki/1987_Belgian_Grand_Prix
Monaco,1987-05-31,4,1987,monaco,http://en.wikipedia.org/wiki/1987_Monaco_Grand_Prix
USA,1987-06-21,5,1987,detroit,http://en.wikipedia.org/wiki/1987_Detroit_Grand_Prix
France,1987-07-05,6,1987,ricard,http://en.wikipedia.org/wiki/1987_French_Grand_Prix
UK,1987-07-12,7,1987,silverstone,http://en.wikipedia.org/wiki/1987_British_Grand_Prix
Germany,1987-07-26,8,1987,hockenheimring,http://en.wikipedia.org/wiki/1987_German_Grand_Prix
Hungary,1987-08-09,9,1987,hungaroring,http://en.wikipedia.org/wiki/1987_Hungarian_Grand_Prix
Austria,1987-08-16,10,1987,osterreichring,http://en.wikipedia.org/wiki/1987_Austrian_Grand_Prix
Italy,1987-09-06,11,1987,monza,http://en.wikipedia.org/wiki/1987_Italian_Grand_Prix
Portugal,1987-09-20,12,1987,estoril,http://en.wikipedia.org/wiki/1987_Portuguese_Grand_Prix
Spain,1987-09-27,13,1987,jerez,http://en.wikipedia.org/wiki/1987_Spanish_Grand_Prix
Mexico,1987-10-18,14,1987,rodriguez,http://en.wikipedia.org/wiki/1987_Mexican_Grand_Prix
Japan,1987-11-01,15,1987,suzuka,http://en.wikipedia.org/wiki/1987_Japanese_Grand_Prix
Australia,1987-11-15,16,1987,adelaide,http://en.wikipedia.org/wiki/1987_Australian_Grand_Prix
Brazil,1988-04-03,1,1988,jacarepagua,http://en.wikipedia.org/wiki/1988_Brazilian_Grand_Prix
Italy,1988-05-01,2,1988,imola,http://en.wikipedia.org/wiki/1988_San_Marino_Grand_Prix
Monaco,1988-05-15,3,1988,monaco,http://en.wikipedia.org/wiki/1988_Monaco_Grand_Prix
Mexico,1988-05-29,4,1988,rodriguez,http://en.wikipedia.org/wiki/1988_Mexican_Grand_Prix
Canada,1988-06-12,5,1988,villeneuve,http://en.wikipedia.org/wiki/1988_Canadian_Grand_Prix
USA,1988-06-19,6,1988,detroit,http://en.wikipedia.org/wiki/1988_Detroit_Grand_Prix
France,1988-07-03,7,1988,ricard,http://en.wikipedia.org/wiki/1988_French_Grand_Prix
UK,1988-07-10,8,1988,silverstone,http://en.wikipedia.org/wiki/1988_British_Grand_Prix
Germany,1988-07-24,9,1988,hockenheimring,http://en.wikipedia.org/wiki/1988_German_Grand_Prix
Hungary,1988-08-07,10,1988,hungaroring,http://en.wikipedia.org/wiki/1988_Hungarian_Grand_Prix
Belgium,1988-08-28,11,1988,spa,http://en.wikipedia.org/wiki/1988_Belgian_Grand_Prix
Italy,1988-09-11,12,1988,monza,http://en.wikipedia.org/wiki/1988_Italian_Grand_Prix
Portugal,1988-09-25,13,1988,estoril,http://en.wikipedia.org/wiki/1988_Portuguese_Grand_Prix
Spain,1988-10-02,14,1988,jerez,http://en.wikipedia.org/wiki/1988_Spanish_Grand_Prix
Japan,1988-10-30,15,1988,suzuka,http://en.wikipedia.org/wiki/1988_Japanese_Grand_Prix
Australia,1988-11-13,16,1988,adelaide,http://en.wikipedia.org/wiki/1988_Australian_Grand_Prix
Brazil,1989-03-26,1,1989,jacarepagua,http://en.wikipedia.org/wiki/1989_Brazilian_Grand_Prix
Italy,1989-04-23,2,1989,imola,http://en.wikipedia.org/wiki/1989_San_Marino_Grand_Prix
Monaco,1989-05-07,3,1989,monaco,http://en.wikipedia.org/wiki/1989_Monaco_Grand_Prix
Mexico,1989-05-28,4,1989,rodriguez,http://en.wikipedia.org/wiki/1989_Mexican_Grand_Prix
USA,1989-06-04,5,1989,phoenix,http://en.wikipedia.org/wiki/1989_United_States_Grand_Prix
Canada,1989-06-18,6,1989,villeneuve,http://en.wikipedia.org/wiki/1989_Canadian_Grand_Prix
France,1989-07-09,7,1989,ricard,http://en.wikipedia.org/wiki/1989_French_Grand_Prix
UK,1989-07-16,8,1989,silverstone,http://en.wikipedia.org/wiki/1989_British_Grand_Prix
Germany,1989-07-30,9,1989,hockenheimring,http://en.wikipedia.org/wiki/1989_German_Grand_Prix
Hungary,1989-08-13,10,1989,hungaroring,http://en.wikipedia.org/wiki/1989_Hungarian_Grand_Prix
Belgium,1989-08-27,11,1989,spa,http://en.wikipedia.org/wiki/1989_Belgian_Grand_Prix
Italy,1989-09-10,12,1989,monza,http://en.wikipedia.org/wiki/1989_Italian_Grand_Prix
Portugal,1989-09-24,13,1989,estoril,http://en.wikipedia.org/wiki/1989_Portuguese_Grand_Prix
Spain,1989-10-01,14,1989,jerez,http://en.wikipedia.org/wiki/1989_Spanish_Grand_Prix
Japan,1989-10-22,15,1989,suzuka,http://en.wikipedia.org/wiki/1989_Japanese_Grand_Prix
Australia,1989-11-05,16,1989,adelaide,http://en.wikipedia.org/wiki/1989_Australian_Grand_Prix
USA,1990-03-11,1,1990,phoenix,http://en.wikipedia.org/wiki/1990_United_States_Grand_Prix
Brazil,1990-03-25,2,1990,interlagos,http://en.wikipedia.org/wiki/1990_Brazilian_Grand_Prix
Italy,1990-05-13,3,1990,imola,http://en.wikipedia.org/wiki/1990_San_Marino_Grand_Prix
Monaco,1990-05-27,4,1990,monaco,http://en.wikipedia.org/wiki/1990_Monaco_Grand_Prix
Canada,1990-06-10,5,1990,villeneuve,http://en.wikipedia.org/wiki/1990_Canadian_Grand_Prix
Mexico,1990-06-24,6,1990,rodriguez,http://en.wikipedia.org/wiki/1990_Mexican_Grand_Prix
France,1990-07-08,7,1990,ricard,http://en.wikipedia.org/wiki/1990_French_Grand_Prix
UK,1990-07-15,8,1990,silverstone,http://en.wikipedia.org/wiki/1990_British_Grand_Prix
Germany,1990-07-29,9,1990,hockenheimring,http://en.wikipedia.org/wiki/1990_German_Grand_Prix
Hungary,1990-08-12,10,1990,hungaroring,http://en.wikipedia.org/wiki/1990_Hungarian_Grand_Prix
Belgium,1990-08-26,11,1990,spa,http://en.wikipedia.org/wiki/1990_Belgian_Grand_Prix
Italy,1990-09-09,12,1990,monza,http://en.wikipedia.org/wiki/1990_Italian_Grand_Prix
Portugal,1990-09-23,13,1990,estoril,http://en.wikipedia.org/wiki/1990_Portuguese_Grand_Prix
Spain,1990-09-30,14,1990,jerez,http://en.wikipedia.org/wiki/1990_Spanish_Grand_Prix
Japan,1990-10-21,15,1990,suzuka,http://en.wikipedia.org/wiki/1990_Japanese_Grand_Prix
Australia,1990-11-04,16,1990,adelaide,http://en.wikipedia.org/wiki/1990_Australian_Grand_Prix
USA,1991-03-10,1,1991,phoenix,http://en.wikipedia.org/wiki/1991_United_States_Grand_Prix
Brazil,1991-03-24,2,1991,interlagos,http://en.wikipedia.org/wiki/1991_Brazilian_Grand_Prix
Italy,1991-04-28,3,1991,imola,http://en.wikipedia.org/wiki/1991_San_Marino_Grand_Prix
Monaco,1991-05-12,4,1991,monaco,http://en.wikipedia.org/wiki/1991_Monaco_Grand_Prix
Canada,1991-06-02,5,1991,villeneuve,http://en.wikipedia.org/wiki/1991_Canadian_Grand_Prix
Mexico,1991-06-16,6,1991,rodriguez,http://en.wikipedia.org/wiki/1991_Mexican_Grand_Prix
France,1991-07-07,7,1991,magny_cours,http://en.wikipedia.org/wiki/1991_French_Grand_Prix
UK,1991-07-14,8,1991,silverstone,http://en.wikipedia.org/wiki/1991_British_Grand_Prix
Germany,1991-07-28,9,1991,hockenheimring,http://en.wikipedia.org/wiki/1991_German_Grand_Prix
Hungary,1991-08-11,10,1991,hungaroring,http://en.wikipedia.org/wiki/1991_Hungarian_Grand_Prix
Belgium,1991-08-25,11,1991,spa,http://en.wikipedia.org/wiki/1991_Belgian_Grand_Prix
Italy,1991-09-08,12,1991,monza,http://en.wikipedia.org/wiki/1991_Italian_Grand_Prix
Portugal,1991-09-22,13,1991,estoril,http://en.wikipedia.org/wiki/1991_Portuguese_Grand_Prix
Spain,1991-09-29,14,1991,catalunya,http://en.wikipedia.org/wiki/1991_Spanish_Grand_Prix
Japan,1991-10-20,15,1991,suzuka,http://en.wikipedia.org/wiki/1991_Japanese_Grand_Prix
Australia,1991-11-03,16,1991,adelaide,http://en.wikipedia.org/wiki/1991_Australian_Grand_Prix
South Africa,1992-03-01,1,1992,kyalami,http://en.wikipedia.org/wiki/1992_South_African_Grand_Prix
Mexico,1992-03-22,2,1992,rodriguez,http://en.wikipedia.org/wiki/1992_Mexican_Grand_Prix
Brazil,1992-04-05,3,1992,interlagos,http://en.wikipedia.org/wiki/1992_Brazilian_Grand_Prix
Spain,1992-05-03,4,1992,catalunya,http://en.wikipedia.org/wiki/1992_Spanish_Grand_Prix
Italy,1992-05-17,5,1992,imola,http://en.wikipedia.org/wiki/1992_San_Marino_Grand_Prix
Monaco,1992-05-31,6,1992,monaco,http://en.wikipedia.org/wiki/1992_Monaco_Grand_Prix
Canada,1992-06-14,7,1992,villeneuve,http://en.wikipedia.org/wiki/1992_Canadian_Grand_Prix
France,1992-07-05,8,1992,magny_cours,http://en.wikipedia.org/wiki/1992_French_Grand_Prix
UK,1992-07-12,9,1992,silverstone,http://en.wikipedia.org/wiki/1992_British_Grand_Prix
Germany,1992-07-26,10,1992,hockenheimring,http://en.wikipedia.org/wiki/1992_German_Grand_Prix
Hungary,1992-08-16,11,1992,hungaroring,http://en.wikipedia.org/wiki/1992_Hungarian_Grand_Prix
Belgium,1992-08-30,12,1992,spa,http://en.wikipedia.org/wiki/1992_Belgian_Grand_Prix
Italy,1992-09-13,13,1992,monza,http://en.wikipedia.org/wiki/1992_Italian_Grand_Prix
Portugal,1992-09-27,14,1992,estoril,http://en.wikipedia.org/wiki/1992_Portuguese_Grand_Prix
Japan,1992-10-25,15,1992,suzuka,http://en.wikipedia.org/wiki/1992_Japanese_Grand_Prix
Australia,1992-11-08,16,1992,adelaide,http://en.wikipedia.org/wiki/1992_Australian_Grand_Prix
South Africa,1993-03-14,1,1993,kyalami,http://en.wikipedia.org/wiki/1993_South_African_Grand_Prix
Brazil,1993-03-28,2,1993,interlagos,http://en.wikipedia.org/wiki/1993_Brazilian_Grand_Prix
UK,1993-04-11,3,1993,donington,http://en.wikipedia.org/wiki/1993_European_Grand_Prix
Italy,1993-04-25,4,1993,imola,http://en.wikipedia.org/wiki/1993_San_Marino_Grand_Prix
Spain,1993-05-09,5,1993,catalunya,http://en.wikipedia.org/wiki/1993_Spanish_Grand_Prix
Monaco,1993-05-23,6,1993,monaco,http://en.wikipedia.org/wiki/1993_Monaco_Grand_Prix
Canada,1993-06-13,7,1993,villeneuve,http://en.wikipedia.org/wiki/1993_Canadian_Grand_Prix
France,1993-07-04,8,1993,magny_cours,http://en.wikipedia.org/wiki/1993_French_Grand_Prix
UK,1993-07-11,9,1993,silverstone,http://en.wikipedia.org/wiki/1993_British_Grand_Prix
Germany,1993-07-25,10,1993,hockenheimring,http://en.wikipedia.org/wiki/1993_German_Grand_Prix
Hungary,1993-08-15,11,1993,hungaroring,http://en.wikipedia.org/wiki/1993_Hungarian_Grand_Prix
Belgium,1993-08-29,12,1993,spa,http://en.wikipedia.org/wiki/1993_Belgian_Grand_Prix
Italy,1993-09-12,13,1993,monza,http://en.wikipedia.org/wiki/1993_Italian_Grand_Prix
Portugal,1993-09-26,14,1993,estoril,http://en.wikipedia.org/wiki/1993_Portuguese_Grand_Prix
Japan,1993-10-24,15,1993,suzuka,http://en.wikipedia.org/wiki/1993_Japanese_Grand_Prix
Australia,1993-11-07,16,1993,adelaide,http://en.wikipedia.org/wiki/1993_Australian_Grand_Prix
Brazil,1994-03-27,1,1994,interlagos,http://en.wikipedia.org/wiki/1994_Brazilian_Grand_Prix
Japan,1994-04-17,2,1994,okayama,http://en.wikipedia.org/wiki/1994_Pacific_Grand_Prix
Italy,1994-05-01,3,1994,imola,http://en.wikipedia.org/wiki/1994_San_Marino_Grand_Prix
Monaco,1994-05-15,4,1994,monaco,http://en.wikipedia.org/wiki/1994_Monaco_Grand_Prix
Spain,1994-05-29,5,1994,catalunya,http://en.wikipedia.org/wiki/1994_Spanish_Grand_Prix
Canada,1994-06-12,6,1994,villeneuve,http://en.wikipedia.org/wiki/1994_Canadian_Grand_Prix
France,1994-07-03,7,1994,magny_cours,http://en.wikipedia.org/wiki/1994_French_Grand_Prix
UK,1994-07-10,8,1994,silverstone,http://en.wikipedia.org/wiki/1994_British_Grand_Prix
Germany,1994-07-31,9,1994,hockenheimring,http://en.wikipedia.org/wiki/1994_German_Grand_Prix
Hungary,1994-08-14,10,1994,hungaroring,http://en.wikipedia.org/wiki/1994_Hungarian_Grand_Prix
Belgium,1994-08-28,11,1994,spa,http://en.wikipedia.org/wiki/1994_Belgian_Grand_Prix
Italy,1994-09-11,12,1994,monza,http://en.wikipedia.org/wiki/1994_Italian_Grand_Prix
Portugal,1994-09-25,13,1994,estoril,http://en.wikipedia.org/wiki/1994_Portuguese_Grand_Prix
Spain,1994-10-16,14,1994,jerez,http://en.wikipedia.org/wiki/1994_European_Grand_Prix
Japan,1994-11-06,15,1994,suzuka,http://en.wikipedia.org/wiki/1994_Japanese_Grand_Prix
Australia,1994-11-13,16,1994,adelaide,http://en.wikipedia.org/wiki/1994_Australian_Grand_Prix
Brazil,1995-03-26,1,1995,interlagos,http://en.wikipedia.org/wiki/1995_Brazilian_Grand_Prix
Argentina,1995-04-09,2,1995,galvez,http://en.wikipedia.org/wiki/1995_Argentine_Grand_Prix
Italy,1995-04-30,3,1995,imola,http://en.wikipedia.org/wiki/1995_San_Marino_Grand_Prix
Spain,1995-05-14,4,1995,catalunya,http://en.wikipedia.org/wiki/1995_Spanish_Grand_Prix
Monaco,1995-05-28,5,1995,monaco,http://en.wikipedia.org/wiki/1995_Monaco_Grand_Prix
Canada,1995-06-11,6,1995,villeneuve,http://en.wikipedia.org/wiki/1995_Canadian_Grand_Prix
France,1995-07-02,7,1995,magny_cours,http://en.wikipedia.org/wiki/1995_French_Grand_Prix
UK,1995-07-16,8,1995,silverstone,http://en.wikipedia.org/wiki/1995_British_Grand_Prix
Germany,1995-07-30,9,1995,hockenheimring,http://en.wikipedia.org/wiki/1995_German_Grand_Prix
Hungary,1995-08-13,10,1995,hungaroring,http://en.wikipedia.org/wiki/1995_Hungarian_Grand_Prix
Belgium,1995-08-27,11,1995,spa,http://en.wikipedia.org/wiki/1995_Belgian_Grand_Prix
Italy,1995-09-10,12,1995,monza,http://en.wikipedia.org/wiki/1995_Italian_Grand_Prix
Portugal,1995-09-24,13,1995,estoril,http://en.wikipedia.org/wiki/1995_Portuguese_Grand_Prix
Germany,1995-10-01,14,1995,nurburgring,http://en.wikipedia.org/wiki/1995_European_Grand_Prix
Japan,1995-10-22,15,1995,okayama,http://en.wikipedia.org/wiki/1995_Pacific_Grand_Prix
Japan,1995-10-29,16,1995,suzuka,http://en.wikipedia.org/wiki/1995_Japanese_Grand_Prix
Australia,1995-11-12,17,1995,adelaide,http://en.wikipedia.org/wiki/1995_Australian_Grand_Prix
Australia,1996-03-10,1,1996,albert_park,http://en.wikipedia.org/wiki/1996_Australian_Grand_Prix
Brazil,1996-03-31,2,1996,interlagos,http://en.wikipedia.org/wiki/1996_Brazilian_Grand_Prix
Argentina,1996-04-07,3,1996,galvez,http://en.wikipedia.org/wiki/1996_Argentine_Grand_Prix
Germany,1996-04-28,4,1996,nurburgring,http://en.wikipedia.org/wiki/1996_European_Grand_Prix
Italy,1996-05-05,5,1996,imola,http://en.wikipedia.org/wiki/1996_San_Marino_Grand_Prix
Monaco,1996-05-19,6,1996,monaco,http://en.wikipedia.org/wiki/1996_Monaco_Grand_Prix
Spain,1996-06-02,7,1996,catalunya,http://en.wikipedia.org/wiki/1996_Spanish_Grand_Prix
Canada,1996-06-16,8,1996,villeneuve,http://en.wikipedia.org/wiki/1996_Canadian_Grand_Prix
France,1996-06-30,9,1996,magny_cours,http://en.wikipedia.org/wiki/1996_French_Grand_Prix
UK,1996-07-14,10,1996,silverstone,http://en.wikipedia.org/wiki/1996_British_Grand_Prix
Germany,1996-07-28,11,1996,hockenheimring,http://en.wikipedia.org/wiki/1996_German_Grand_Prix
Hungary,1996-08-11,12,1996,hungaroring,http://en.wikipedia.org/wiki/1996_Hungarian_Grand_Prix
Belgium,1996-08-25,13,1996,spa,http://en.wikipedia.org/wiki/1996_Belgian_Grand_Prix
Italy,1996-09-08,14,1996,monza,http://en.wikipedia.org/wiki/1996_Italian_Grand_Prix
Portugal,1996-09-22,15,1996,estoril,http://en.wikipedia.org/wiki/1996_Portuguese_Grand_Prix
Japan,1996-10-13,16,1996,suzuka,http://en.wikipedia.org/wiki/1996_Japanese_Grand_Prix
Australia,1997-03-09,1,1997,albert_park,http://en.wikipedia.org/wiki/1997_Australian_Grand_Prix
Brazil,1997-03-30,2,1997,interlagos,http://en.wikipedia.org/wiki/1997_Brazilian_Grand_Prix
Argentina,1997-04-13,3,1997,galvez,http://en.wikipedia.org/wiki/1997_Argentine_Grand_Prix
Italy,1997-04-27,4,1997,imola,http://en.wikipedia.org/wiki/1997_San_Marino_Grand_Prix
Monaco,1997-05-11,5,1997,monaco,http://en.wikipedia.org/wiki/1997_Monaco_Grand_Prix
Spain,1997-05-25,6,1997,catalunya,http://en.wikipedia.org/wiki/1997_Spanish_Grand_Prix
Canada,1997-06-15,7,1997,villeneuve,http://en.wikipedia.org/wiki/1997_Canadian_Grand_Prix
France,1997-06-29,8,1997,magny_cours,http://en.wikipedia.org/wiki/1997_French_Grand_Prix
UK,1997-07-13,9,1997,silverstone,http://en.wikipedia.org/wiki/1997_British_Grand_Prix
Germany,1997-07-27,10,1997,hockenheimring,http://en.wikipedia.org/wiki/1997_German_Grand_Prix
Hungary,1997-08-10,11,1997,hungaroring,http://en.wikipedia.org/wiki/1997_Hungarian_Grand_Prix
Belgium,1997-08-24,12,1997,spa,http://en.wikipedia.org/wiki/1997_Belgian_Grand_Prix
Italy,1997-09-07,13,1997,monza,http://en.wikipedia.org/wiki/1997_Italian_Grand_Prix
Austria,1997-09-21,14,1997,osterreichring,http://en.wikipedia.org/wiki/1997_Austrian_Grand_Prix
Germany,1997-09-28,15,1997,nurburgring,http://en.wikipedia.org/wiki/1997_Luxembourg_Grand_Prix
Japan,1997-10-12,16,1997,suzuka,http://en.wikipedia.org/wiki/1997_Japanese_Grand_Prix
Spain,1997-10-26,17,1997,jerez,http://en.wikipedia.org/wiki/1997_European_Grand_Prix
Australia,1998-03-08,1,1998,albert_park,http://en.wikipedia.org/wiki/1998_Australian_Grand_Prix
Brazil,1998-03-29,2,1998,interlagos,http://en.wikipedia.org/wiki/1998_Brazilian_Grand_Prix
Argentina,1998-04-12,3,1998,galvez,http://en.wikipedia.org/wiki/1998_Argentine_Grand_Prix
Italy,1998-04-26,4,1998,imola,http://en.wikipedia.org/wiki/1998_San_Marino_Grand_Prix
Spain,1998-05-10,5,1998,catalunya,http://en.wikipedia.org/wiki/1998_Spanish_Grand_Prix
Monaco,1998-05-24,6,1998,monaco,http://en.wikipedia.org/wiki/1998_Monaco_Grand_Prix
Canada,1998-06-07,7,1998,villeneuve,http://en.wikipedia.org/wiki/1998_Canadian_Grand_Prix
France,1998-06-28,8,1998,magny_cours,http://en.wikipedia.org/wiki/1998_French_Grand_Prix
UK,1998-07-12,9,1998,silverstone,http://en.wikipedia.org/wiki/1998_British_Grand_Prix
Austria,1998-07-26,10,1998,osterreichring,http://en.wikipedia.org/wiki/1998_Austrian_Grand_Prix
Germany,1998-08-02,11,1998,hockenheimring,http://en.wikipedia.org/wiki/1998_German_Grand_Prix
Hungary,1998-08-16,12,1998,hungaroring,http://en.wikipedia.org/wiki/1998_Hungarian_Grand_Prix
Belgium,1998-08-30,13,1998,spa,http://en.wikipedia.org/wiki/1998_Belgian_Grand_Prix
Italy,1998-09-13,14,1998,monza,http://en.wikipedia.org/wiki/1998_Italian_Grand_Prix
Germany,1998-09-27,15,1998,nurburgring,http://en.wikipedia.org/wiki/1998_Luxembourg_Grand_Prix
Japan,1998-11-01,16,1998,suzuka,http://en.wikipedia.org/wiki/1998_Japanese_Grand_Prix
Australia,1999-03-07,1,1999,albert_park,http://en.wikipedia.org/wiki/1999_Australian_Grand_Prix
Brazil,1999-04-11,2,1999,interlagos,http://en.wikipedia.org/wiki/1999_Brazilian_Grand_Prix
Italy,1999-05-02,3,1999,imola,http://en.wikipedia.org/wiki/1999_San_Marino_Grand_Prix
Monaco,1999-05-16,4,1999,monaco,http://en.wikipedia.org/wiki/1999_Monaco_Grand_Prix
Spain,1999-05-30,5,1999,catalunya,http://en.wikipedia.org/wiki/1999_Spanish_Grand_Prix
Canada,1999-06-13,6,1999,villeneuve,http://en.wikipedia.org/wiki/1999_Canadian_Grand_Prix
France,1999-06-27,7,1999,magny_cours,http://en.wikipedia.org/wiki/1999_French_Grand_Prix
UK,1999-07-11,8,1999,silverstone,http://en.wikipedia.org/wiki/1999_British_Grand_Prix
Austria,1999-07-25,9,1999,osterreichring,http://en.wikipedia.org/wiki/1999_Austrian_Grand_Prix
Germany,1999-08-01,10,1999,hockenheimring,http://en.wikipedia.org/wiki/1999_German_Grand_Prix
Hungary,1999-08-15,11,1999,hungaroring,http://en.wikipedia.org/wiki/1999_Hungarian_Grand_Prix
Belgium,1999-08-29,12,1999,spa,http://en.wikipedia.org/wiki/1999_Belgian_Grand_Prix
Italy,1999-09-12,13,1999,monza,http://en.wikipedia.org/wiki/1999_Italian_Grand_Prix
Germany,1999-09-26,14,1999,nurburgring,http://en.wikipedia.org/wiki/1999_European_Grand_Prix
Malaysia,1999-10-17,15,1999,sepang,http://en.wikipedia.org/wiki/1999_Malaysian_Grand_Prix
Japan,1999-10-31,16,1999,suzuka,http://en.wikipedia.org/wiki/1999_Japanese_Grand_Prix
Australia,2000-03-12,1,2000,albert_park,http://en.wikipedia.org/wiki/2000_Australian_Grand_Prix
Brazil,2000-03-26,2,2000,interlagos,http://en.wikipedia.org/wiki/2000_Brazilian_Grand_Prix
Italy,2000-04-09,3,2000,imola,http://en.wikipedia.org/wiki/2000_San_Marino_Grand_Prix
UK,2000-04-23,4,2000,silverstone,http://en.wikipedia.org/wiki/2000_British_Grand_Prix
Spain,2000-05-07,5,2000,catalunya,http://en.wikipedia.org/wiki/2000_Spanish_Grand_Prix
Germany,2000-05-21,6,2000,nurburgring,http://en.wikipedia.org/wiki/2000_European_Grand_Prix
Monaco,2000-06-04,7,2000,monaco,http://en.wikipedia.org/wiki/2000_Monaco_Grand_Prix
Canada,2000-06-18,8,2000,villeneuve,http://en.wikipedia.org/wiki/2000_Canadian_Grand_Prix
France,2000-07-02,9,2000,magny_cours,http://en.wikipedia.org/wiki/2000_French_Grand_Prix
Austria,2000-07-16,10,2000,osterreichring,http://en.wikipedia.org/wiki/2000_Austrian_Grand_Prix
Germany,2000-07-30,11,2000,hockenheimring,http://en.wikipedia.org/wiki/2000_German_Grand_Prix
Hungary,2000-08-13,12,2000,hungaroring,http://en.wikipedia.org/wiki/2000_Hungarian_Grand_Prix
Belgium,2000-08-27,13,2000,spa,http://en.wikipedia.org/wiki/2000_Belgian_Grand_Prix
Italy,2000-09-10,14,2000,monza,http://en.wikipedia.org/wiki/2000_Italian_Grand_Prix
USA,2000-09-24,15,2000,indianapolis,http://en.wikipedia.org/wiki/2000_United_States_Grand_Prix
Japan,2000-10-08,16,2000,suzuka,http://en.wikipedia.org/wiki/2000_Japanese_Grand_Prix
Malaysia,2000-10-22,17,2000,sepang,http://en.wikipedia.org/wiki/2000_Malaysian_Grand_Prix
Australia,2001-03-04,1,2001,albert_park,http://en.wikipedia.org/wiki/2001_Australian_Grand_Prix
Malaysia,2001-03-18,2,2001,sepang,http://en.wikipedia.org/wiki/2001_Malaysian_Grand_Prix
Brazil,2001-04-01,3,2001,interlagos,http://en.wikipedia.org/wiki/2001_Brazilian_Grand_Prix
Italy,2001-04-15,4,2001,imola,http://en.wikipedia.org/wiki/2001_San_Marino_Grand_Prix
Spain,2001-04-29,5,2001,catalunya,http://en.wikipedia.org/wiki/2001_Spanish_Grand_Prix
Austria,2001-05-13,6,2001,osterreichring,http://en.wikipedia.org/wiki/2001_Austrian_Grand_Prix
Monaco,2001-05-27,7,2001,monaco,http://en.wikipedia.org/wiki/2001_Monaco_Grand_Prix
Canada,2001-06-10,8,2001,villeneuve,http://en.wikipedia.org/wiki/2001_Canadian_Grand_Prix
Germany,2001-06-24,9,2001,nurburgring,http://en.wikipedia.org/wiki/2001_European_Grand_Prix
France,2001-07-01,10,2001,magny_cours,http://en.wikipedia.org/wiki/2001_French_Grand_Prix
UK,2001-07-15,11,2001,silverstone,http://en.wikipedia.org/wiki/2001_British_Grand_Prix
Germany,2001-07-29,12,2001,hockenheimring,http://en.wikipedia.org/wiki/2001_German_Grand_Prix
Hungary,2001-08-19,13,2001,hungaroring,http://en.wikipedia.org/wiki/2001_Hungarian_Grand_Prix
Belgium,2001-09-02,14,2001,spa,http://en.wikipedia.org/wiki/2001_Belgian_Grand_Prix
Italy,2001-09-16,15,2001,monza,http://en.wikipedia.org/wiki/2001_Italian_Grand_Prix
USA,2001-09-30,16,2001,indianapolis,http://en.wikipedia.org/wiki/2001_United_States_Grand_Prix
Japan,2001-10-14,17,2001,suzuka,http://en.wikipedia.org/wiki/2001_Japanese_Grand_Prix
Australia,2002-03-03,1,2002,albert_park,http://en.wikipedia.org/wiki/2002_Australian_Grand_Prix
Malaysia,2002-03-17,2,2002,sepang,http://en.wikipedia.org/wiki/2002_Malaysian_Grand_Prix
Brazil,2002-03-31,3,2002,interlagos,http://en.wikipedia.org/wiki/2002_Brazilian_Grand_Prix
Italy,2002-04-14,4,2002,imola,http://en.wikipedia.org/wiki/2002_San_Marino_Grand_Prix
Spain,2002-04-28,5,2002,catalunya,http://en.wikipedia.org/wiki/2002_Spanish_Grand_Prix
Austria,2002-05-12,6,2002,osterreichring,http://en.wikipedia.org/wiki/2002_Austrian_Grand_Prix
Monaco,2002-05-26,7,2002,monaco,http://en.wikipedia.org/wiki/2002_Monaco_Grand_Prix
Canada,2002-06-09,8,2002,villeneuve,http://en.wikipedia.org/wiki/2002_Canadian_Grand_Prix
Germany,2002-06-23,9,2002,nurburgring,http://en.wikipedia.org/wiki/2002_European_Grand_Prix
UK,2002-07-07,10,2002,silverstone,http://en.wikipedia.org/wiki/2002_British_Grand_Prix
France,2002-07-21,11,2002,magny_cours,http://en.wikipedia.org/wiki/2002_French_Grand_Prix
Germany,2002-07-28,12,2002,hockenheimring,http://en.wikipedia.org/wiki/2002_German_Grand_Prix
Hungary,2002-08-18,13,2002,hungaroring,http://en.wikipedia.org/wiki/2002_Hungarian_Grand_Prix
Belgium,2002-09-01,14,2002,spa,http://en.wikipedia.org/wiki/2002_Belgian_Grand_Prix
Italy,2002-09-15,15,2002,monza,http://en.wikipedia.org/wiki/2002_Italian_Grand_Prix
USA,2002-09-29,16,2002,indianapolis,http://en.wikipedia.org/wiki/2002_United_States_Grand_Prix
Japan,2002-10-13,17,2002,suzuka,http://en.wikipedia.org/wiki/2002_Japanese_Grand_Prix
Australia,2003-03-09,1,2003,albert_park,http://en.wikipedia.org/wiki/2003_Australian_Grand_Prix
Malaysia,2003-03-23,2,2003,sepang,http://en.wikipedia.org/wiki/2003_Malaysian_Grand_Prix
Brazil,2003-04-06,3,2003,interlagos,http://en.wikipedia.org/wiki/2003_Brazilian_Grand_Prix
Italy,2003-04-20,4,2003,imola,http://en.wikipedia.org/wiki/2003_San_Marino_Grand_Prix
Spain,2003-05-04,5,2003,catalunya,http://en.wikipedia.org/wiki/2003_Spanish_Grand_Prix
Austria,2003-05-18,6,2003,osterreichring,http://en.wikipedia.org/wiki/2003_Austrian_Grand_Prix
Monaco,2003-06-01,7,2003,monaco,http://en.wikipedia.org/wiki/2003_Monaco_Grand_Prix
Canada,2003-06-15,8,2003,villeneuve,http://en.wikipedia.org/wiki/2003_Canadian_Grand_Prix
Germany,2003-06-29,9,2003,nurburgring,http://en.wikipedia.org/wiki/2003_European_Grand_Prix
France,2003-07-06,10,2003,magny_cours,http://en.wikipedia.org/wiki/2003_French_Grand_Prix
UK,2003-07-20,11,2003,silverstone,http://en.wikipedia.org/wiki/2003_British_Grand_Prix
Germany,2003-08-03,12,2003,hockenheimring,http://en.wikipedia.org/wiki/2003_German_Grand_Prix
Hungary,2003-08-24,13,2003,hungaroring,http://en.wikipedia.org/wiki/2003_Hungarian_Grand_Prix
Italy,2003-09-14,14,2003,monza,http://en.wikipedia.org/wiki/2003_Italian_Grand_Prix
USA,2003-09-28,15,2003,indianapolis,http://en.wikipedia.org/wiki/2003_United_States_Grand_Prix
Japan,2003-10-12,16,2003,suzuka,http://en.wikipedia.org/wiki/2003_Japanese_Grand_Prix
Australia,2004-03-07,1,2004,albert_park,http://en.wikipedia.org/wiki/2004_Australian_Grand_Prix
Malaysia,2004-03-21,2,2004,sepang,http://en.wikipedia.org/wiki/2004_Malaysian_Grand_Prix
Bahrain,2004-04-04,3,2004,bahrain,http://en.wikipedia.org/wiki/2004_Bahrain_Grand_Prix
Italy,2004-04-25,4,2004,imola,http://en.wikipedia.org/wiki/2004_San_Marino_Grand_Prix
Spain,2004-05-09,5,2004,catalunya,http://en.wikipedia.org/wiki/2004_Spanish_Grand_Prix
Monaco,2004-05-23,6,2004,monaco,http://en.wikipedia.org/wiki/2004_Monaco_Grand_Prix
Germany,2004-05-30,7,2004,nurburgring,http://en.wikipedia.org/wiki/2004_European_Grand_Prix
Canada,2004-06-13,8,2004,villeneuve,http://en.wikipedia.org/wiki/2004_Canadian_Grand_Prix
USA,2004-06-20,9,2004,indianapolis,http://en.wikipedia.org/wiki/2004_United_States_Grand_Prix
France,2004-07-04,10,2004,magny_cours,http://en.wikipedia.org/wiki/2004_French_Grand_Prix
UK,2004-07-11,11,2004,silverstone,http://en.wikipedia.org/wiki/2004_British_Grand_Prix
Germany,2004-07-25,12,2004,hockenheimring,http://en.wikipedia.org/wiki/2004_German_Grand_Prix
Hungary,2004-08-15,13,2004,hungaroring,http://en.wikipedia.org/wiki/2004_Hungarian_Grand_Prix
Belgium,2004-08-29,14,2004,spa,http://en.wikipedia.org/wiki/2004_Belgian_Grand_Prix
Italy,2004-09-12,15,2004,monza,http://en.wikipedia.org/wiki/2004_Italian_Grand_Prix
China,2004-09-26,16,2004,shanghai,http://en.wikipedia.org/wiki/2004_Chinese_Grand_Prix
Japan,2004-10-10,17,2004,suzuka,http://en.wikipedia.org/wiki/2004_Japanese_Grand_Prix
Brazil,2004-10-24,18,2004,interlagos,http://en.wikipedia.org/wiki/2004_Brazilian_Grand_Prix
Australia,2005-03-06,1,2005,albert_park,http://en.wikipedia.org/wiki/2005_Australian_Grand_Prix
Malaysia,2005-03-20,2,2005,sepang,http://en.wikipedia.org/wiki/2005_Malaysian_Grand_Prix
Bahrain,2005-04-03,3,2005,bahrain,http://en.wikipedia.org/wiki/2005_Bahrain_Grand_Prix
Italy,2005-04-24,4,2005,imola,http://en.wikipedia.org/wiki/2005_San_Marino_Grand_Prix
Spain,2005-05-08,5,2005,catalunya,http://en.wikipedia.org/wiki/2005_Spanish_Grand_Prix
Monaco,2005-05-22,6,2005,monaco,http://en.wikipedia.org/wiki/2005_Monaco_Grand_Prix
Germany,2005-05-29,7,2005,nurburgring,http://en.wikipedia.org/wiki/2005_European_Grand_Prix
Canada,2005-06-12,8,2005,villeneuve,http://en.wikipedia.org/wiki/2005_Canadian_Grand_Prix
USA,2005-06-19,9,2005,indianapolis,http://en.wikipedia.org/wiki/2005_United_States_Grand_Prix
France,2005-07-03,10,2005,magny_cours,http://en.wikipedia.org/wiki/2005_French_Grand_Prix
UK,2005-07-10,11,2005,silverstone,http://en.wikipedia.org/wiki/2005_British_Grand_Prix
Germany,2005-07-24,12,2005,hockenheimring,http://en.wikipedia.org/wiki/2005_German_Grand_Prix
Hungary,2005-07-31,13,2005,hungaroring,http://en.wikipedia.org/wiki/2005_Hungarian_Grand_Prix
Turkey,2005-08-21,14,2005,istanbul,http://en.wikipedia.org/wiki/2005_Turkish_Grand_Prix
Italy,2005-09-04,15,2005,monza,http://en.wikipedia.org/wiki/2005_Italian_Grand_Prix
Belgium,2005-09-11,16,2005,spa,http://en.wikipedia.org/wiki/2005_Belgian_Grand_Prix
Brazil,2005-09-25,17,2005,interlagos,http://en.wikipedia.org/wiki/2005_Brazilian_Grand_Prix
Japan,2005-10-09,18,2005,suzuka,http://en.wikipedia.org/wiki/2005_Japanese_Grand_Prix
China,2005-10-16,19,2005,shanghai,http://en.wikipedia.org/wiki/2005_Chinese_Grand_Prix
Bahrain,2006-03-12,1,2006,bahrain,http://en.wikipedia.org/wiki/2006_Bahrain_Grand_Prix
Malaysia,2006-03-19,2,2006,sepang,http://en.wikipedia.org/wiki/2006_Malaysian_Grand_Prix
Australia,2006-04-02,3,2006,albert_park,http://en.wikipedia.org/wiki/2006_Australian_Grand_Prix
Italy,2006-04-23,4,2006,imola,http://en.wikipedia.org/wiki/2006_San_Marino_Grand_Prix
Germany,2006-05-07,5,2006,nurburgring,http://en.wikipedia.org/wiki/2006_European_Grand_Prix
Spain,2006-05-14,6,2006,catalunya,http://en.wikipedia.org/wiki/2006_Spanish_Grand_Prix
Monaco,2006-05-28,7,2006,monaco,http://en.wikipedia.org/wiki/2006_Monaco_Grand_Prix
UK,2006-06-11,8,2006,silverstone,http://en.wikipedia.org/wiki/2006_British_Grand_Prix
Canada,2006-06-25,9,2006,villeneuve,http://en.wikipedia.org/wiki/2006_Canadian_Grand_Prix
USA,2006-07-02,10,2006,indianapolis,http://en.wikipedia.org/wiki/2006_United_States_Grand_Prix
France,2006-07-16,11,2006,magny_cours,http://en.wikipedia.org/wiki/2006_French_Grand_Prix
Germany,2006-07-30,12,2006,hockenheimring,http://en.wikipedia.org/wiki/2006_German_Grand_Prix
Hungary,2006-08-06,13,2006,hungaroring,http://en.wikipedia.org/wiki/2006_Hungarian_Grand_Prix
Turkey,2006-08-27,14,2006,istanbul,http://en.wikipedia.org/wiki/2006_Turkish_Grand_Prix
Italy,2006-09-10,15,2006,monza,http://en.wikipedia.org/wiki/2006_Italian_Grand_Prix
China,2006-10-01,16,2006,shanghai,http://en.wikipedia.org/wiki/2006_Chinese_Grand_Prix
Japan,2006-10-08,17,2006,suzuka,http://en.wikipedia.org/wiki/2006_Japanese_Grand_Prix
Brazil,2006-10-22,18,2006,interlagos,http://en.wikipedia.org/wiki/2006_Brazilian_Grand_Prix
Australia,2007-03-18,1,2007,albert_park,http://en.wikipedia.org/wiki/2007_Australian_Grand_Prix
Malaysia,2007-04-08,2,2007,sepang,http://en.wikipedia.org/wiki/2007_Malaysian_Grand_Prix
Bahrain,2007-04-15,3,2007,bahrain,http://en.wikipedia.org/wiki/2007_Bahrain_Grand_Prix
Spain,2007-05-13,4,2007,catalunya,http://en.wikipedia.org/wiki/2007_Spanish_Grand_Prix
Monaco,2007-05-27,5,2007,monaco,http://en.wikipedia.org/wiki/2007_Monaco_Grand_Prix
Canada,2007-06-10,6,2007,villeneuve,http://en.wikipedia.org/wiki/2007_Canadian_Grand_Prix
USA,2007-06-17,7,2007,indianapolis,http://en.wikipedia.org/wiki/2007_United_States_Grand_Prix
France,2007-07-01,8,2007,magny_cours,http://en.wikipedia.org/wiki/2007_French_Grand_Prix
UK,2007-07-08,9,2007,silverstone,http://en.wikipedia.org/wiki/2007_British_Grand_Prix
Germany,2007-07-22,10,2007,nurburgring,http://en.wikipedia.org/wiki/2007_European_Grand_Prix
Hungary,2007-08-05,11,2007,hungaroring,http://en.wikipedia.org/wiki/2007_Hungarian_Grand_Prix
Turkey,2007-08-26,12,2007,istanbul,http://en.wikipedia.org/wiki/2007_Turkish_Grand_Prix
Italy,2007-09-09,13,2007,monza,http://en.wikipedia.org/wiki/2007_Italian_Grand_Prix
Belgium,2007-09-16,14,2007,spa,http://en.wikipedia.org/wiki/2007_Belgian_Grand_Prix
Japan,2007-09-30,15,2007,fuji,http://en.wikipedia.org/wiki/2007_Japanese_Grand_Prix
China,2007-10-07,16,2007,shanghai,http://en.wikipedia.org/wiki/2007_Chinese_Grand_Prix
Brazil,2007-10-21,17,2007,interlagos,http://en.wikipedia.org/wiki/2007_Brazilian_Grand_Prix
Australia,2008-03-16,1,2008,albert_park,http://en.wikipedia.org/wiki/2008_Australian_Grand_Prix
Malaysia,2008-03-23,2,2008,sepang,http://en.wikipedia.org/wiki/2008_Malaysian_Grand_Prix
Bahrain,2008-04-06,3,2008,bahrain,http://en.wikipedia.org/wiki/2008_Bahrain_Grand_Prix
Spain,2008-04-27,4,2008,catalunya,http://en.wikipedia.org/wiki/2008_Spanish_Grand_Prix
Turkey,2008-05-11,5,2008,istanbul,http://en.wikipedia.org/wiki/2008_Turkish_Grand_Prix
Monaco,2008-05-25,6,2008,monaco,http://en.wikipedia.org/wiki/2008_Monaco_Grand_Prix
Canada,2008-06-08,7,2008,villeneuve,http://en.wikipedia.org/wiki/2008_Canadian_Grand_Prix
France,2008-06-22,8,2008,magny_cours,http://en.wikipedia.org/wiki/2008_French_Grand_Prix
UK,2008-07-06,9,2008,silverstone,http://en.wikipedia.org/wiki/2008_British_Grand_Prix
Germany,2008-07-20,10,2008,hockenheimring,http://en.wikipedia.org/wiki/2008_German_Grand_Prix
Hungary,2008-08-03,11,2008,hungaroring,http://en.wikipedia.org/wiki/2008_Hungarian_Grand_Prix
Spain,2008-08-24,12,2008,valencia,http://en.wikipedia.org/wiki/2008_European_Grand_Prix
Belgium,2008-09-07,13,2008,spa,http://en.wikipedia.org/wiki/2008_Belgian_Grand_Prix
Italy,2008-09-14,14,2008,monza,http://en.wikipedia.org/wiki/2008_Italian_Grand_Prix
Singapore,2008-09-28,15,2008,marina_bay,http://en.wikipedia.org/wiki/2008_Singapore_Grand_Prix
Japan,2008-10-12,16,2008,fuji,http://en.wikipedia.org/wiki/2008_Japanese_Grand_Prix
China,2008-10-19,17,2008,shanghai,http://en.wikipedia.org/wiki/2008_Chinese_Grand_Prix
Brazil,2008-11-02,18,2008,interlagos,http://en.wikipedia.org/wiki/2008_Brazilian_Grand_Prix
Australia,2009-03-29,1,2009,albert_park,http://en.wikipedia.org/wiki/2009_Australian_Grand_Prix
Malaysia,2009-04-05,2,2009,sepang,http://en.wikipedia.org/wiki/2009_Malaysian_Grand_Prix
China,2009-04-19,3,2009,shanghai,http://en.wikipedia.org/wiki/2009_Chinese_Grand_Prix
Bahrain,2009-04-26,4,2009,bahrain,http://en.wikipedia.org/wiki/2009_Bahrain_Grand_Prix
Spain,2009-05-10,5,2009,catalunya,http://en.wikipedia.org/wiki/2009_Spanish_Grand_Prix
Monaco,2009-05-24,6,2009,monaco,http://en.wikipedia.org/wiki/2009_Monaco_Grand_Prix
Turkey,2009-06-07,7,2009,istanbul,http://en.wikipedia.org/wiki/2009_Turkish_Grand_Prix
UK,2009-06-21,8,2009,silverstone,http://en.wikipedia.org/wiki/2009_British_Grand_Prix
Germany,2009-07-12,9,2009,nurburgring,http://en.wikipedia.org/wiki/2009_German_Grand_Prix
Hungary,2009-07-26,10,2009,hungaroring,http://en.wikipedia.org/wiki/2009_Hungarian_Grand_Prix
Spain,2009-08-23,11,2009,valencia,http://en.wikipedia.org/wiki/2009_European_Grand_Prix
Belgium,2009-08-30,12,2009,spa,http://en.wikipedia.org/wiki/2009_Belgian_Grand_Prix
Italy,2009-09-13,13,2009,monza,http://en.wikipedia.org/wiki/2009_Italian_Grand_Prix
Singapore,2009-09-27,14,2009,marina_bay,http://en.wikipedia.org/wiki/2009_Singapore_Grand_Prix
Japan,2009-10-04,15,2009,suzuka,http://en.wikipedia.org/wiki/2009_Japanese_Grand_Prix
Brazil,2009-10-18,16,2009,interlagos,http://en.wikipedia.org/wiki/2009_Brazilian_Grand_Prix
UAE,2009-11-01,17,2009,yas_marina,http://en.wikipedia.org/wiki/2009_Abu_Dhabi_Grand_Prix
Bahrain,2010-03-14,1,2010,bahrain,http://en.wikipedia.org/wiki/2010_Bahrain_Grand_Prix
Australia,2010-03-28,2,2010,albert_park,http://en.wikipedia.org/wiki/2010_Australian_Grand_Prix
Malaysia,2010-04-04,3,2010,sepang,http://en.wikipedia.org/wiki/2010_Malaysian_Grand_Prix
China,2010-04-18,4,2010,shanghai,http://en.wikipedia.org/wiki/2010_Chinese_Grand_Prix
Spain,2010-05-09,5,2010,catalunya,http://en.wikipedia.org/wiki/2010_Spanish_Grand_Prix
Monaco,2010-05-16,6,2010,monaco,http://en.wikipedia.org/wiki/2010_Monaco_Grand_Prix
Turkey,2010-05-30,7,2010,istanbul,http://en.wikipedia.org/wiki/2010_Turkish_Grand_Prix
Canada,2010-06-13,8,2010,villeneuve,http://en.wikipedia.org/wiki/2010_Canadian_Grand_Prix
Spain,2010-06-27,9,2010,valencia,http://en.wikipedia.org/wiki/2010_European_Grand_Prix
UK,2010-07-11,10,2010,silverstone,http://en.wikipedia.org/wiki/2010_British_Grand_Prix
Germany,2010-07-25,11,2010,hockenheimring,http://en.wikipedia.org/wiki/2010_German_Grand_Prix
Hungary,2010-08-01,12,2010,hungaroring,http://en.wikipedia.org/wiki/2010_Hungarian_Grand_Prix
Belgium,2010-08-29,13,2010,spa,http://en.wikipedia.org/wiki/2010_Belgian_Grand_Prix
Italy,2010-09-12,14,2010,monza,http://en.wikipedia.org/wiki/2010_Italian_Grand_Prix
Singapore,2010-09-26,15,2010,marina_bay,http://en.wikipedia.org/wiki/2010_Singapore_Grand_Prix
Japan,2010-10-10,16,2010,suzuka,http://en.wikipedia.org/wiki/2010_Japanese_Grand_Prix
Korea,2010-10-24,17,2010,yeongam,http://en.wikipedia.org/wiki/2010_Korean_Grand_Prix
Brazil,2010-11-07,18,2010,interlagos,http://en.wikipedia.org/wiki/2010_Brazilian_Grand_Prix
UAE,2010-11-14,19,2010,yas_marina,http://en.wikipedia.org/wiki/2010_Abu_Dhabi_Grand_Prix
Australia,2011-03-27,1,2011,albert_park,http://en.wikipedia.org/wiki/2011_Australian_Grand_Prix
Malaysia,2011-04-10,2,2011,sepang,http://en.wikipedia.org/wiki/2011_Malaysian_Grand_Prix
China,2011-04-17,3,2011,shanghai,http://en.wikipedia.org/wiki/2011_Chinese_Grand_Prix
Turkey,2011-05-08,4,2011,istanbul,http://en.wikipedia.org/wiki/2011_Turkish_Grand_Prix
Spain,2011-05-22,5,2011,catalunya,http://en.wikipedia.org/wiki/2011_Spanish_Grand_Prix
Monaco,2011-05-29,6,2011,monaco,http://en.wikipedia.org/wiki/2011_Monaco_Grand_Prix
Canada,2011-06-12,7,2011,villeneuve,http://en.wikipedia.org/wiki/2011_Canadian_Grand_Prix
Spain,2011-06-26,8,2011,valencia,http://en.wikipedia.org/wiki/2011_European_Grand_Prix
UK,2011-07-10,9,2011,silverstone,http://en.wikipedia.org/wiki/2011_British_Grand_Prix
Germany,2011-07-24,10,2011,nurburgring,http://en.wikipedia.org/wiki/2011_German_Grand_Prix
Hungary,2011-07-31,11,2011,hungaroring,http://en.wikipedia.org/wiki/2011_Hungarian_Grand_Prix
Belgium,2011-08-28,12,2011,spa,http://en.wikipedia.org/wiki/2011_Belgian_Grand_Prix
Italy,2011-09-11,13,2011,monza,http://en.wikipedia.org/wiki/2011_Italian_Grand_Prix
Singapore,2011-09-25,14,2011,marina_bay,http://en.wikipedia.org/wiki/2011_Singapore_Grand_Prix
Japan,2011-10-09,15,2011,suzuka,http://en.wikipedia.org/wiki/2011_Japanese_Grand_Prix
Korea,2011-10-16,16,2011,yeongam,http://en.wikipedia.org/wiki/2011_Korean_Grand_Prix
India,2011-10-30,17,2011,buddh,http://en.wikipedia.org/wiki/2011_Indian_Grand_Prix
UAE,2011-11-13,18,2011,yas_marina,http://en.wikipedia.org/wiki/2011_Abu_Dhabi_Grand_Prix
Brazil,2011-11-27,19,2011,interlagos,http://en.wikipedia.org/wiki/2011_Brazilian_Grand_Prix
Australia,2012-03-18,1,2012,albert_park,http://en.wikipedia.org/wiki/2012_Australian_Grand_Prix
Malaysia,2012-03-25,2,2012,sepang,http://en.wikipedia.org/wiki/2012_Malaysian_Grand_Prix
China,2012-04-15,3,2012,shanghai,http://en.wikipedia.org/wiki/2012_Chinese_Grand_Prix
Bahrain,2012-04-22,4,2012,bahrain,http://en.wikipedia.org/wiki/2012_Bahrain_Grand_Prix
Spain,2012-05-13,5,2012,catalunya,http://en.wikipedia.org/wiki/2012_Spanish_Grand_Prix
Monaco,2012-05-27,6,2012,monaco,http://en.wikipedia.org/wiki/2012_Monaco_Grand_Prix
Canada,2012-06-10,7,2012,villeneuve,http://en.wikipedia.org/wiki/2012_Canadian_Grand_Prix
Spain,2012-06-24,8,2012,valencia,http://en.wikipedia.org/wiki/2012_European_Grand_Prix
UK,2012-07-08,9,2012,silverstone,http://en.wikipedia.org/wiki/2012_British_Grand_Prix
Germany,2012-07-22,10,2012,hockenheimring,http://en.wikipedia.org/wiki/2012_German_Grand_Prix
Hungary,2012-07-29,11,2012,hungaroring,http://en.wikipedia.org/wiki/2012_Hungarian_Grand_Prix
Belgium,2012-09-02,12,2012,spa,http://en.wikipedia.org/wiki/2012_Belgian_Grand_Prix
Italy,2012-09-09,13,2012,monza,http://en.wikipedia.org/wiki/2012_Italian_Grand_Prix
Singapore,2012-09-23,14,2012,marina_bay,http://en.wikipedia.org/wiki/2012_Singapore_Grand_Prix
Japan,2012-10-07,15,2012,suzuka,http://en.wikipedia.org/wiki/2012_Japanese_Grand_Prix
Korea,2012-10-14,16,2012,yeongam,http://en.wikipedia.org/wiki/2012_Korean_Grand_Prix
India,2012-10-28,17,2012,buddh,http://en.wikipedia.org/wiki/2012_Indian_Grand_Prix
UAE,2012-11-04,18,2012,yas_marina,http://en.wikipedia.org/wiki/2012_Abu_Dhabi_Grand_Prix
USA,2012-11-18,19,2012,americas,http://en.wikipedia.org/wiki/2012_United_States_Grand_Prix
Brazil,2012-11-25,20,2012,interlagos,http://en.wikipedia.org/wiki/2012_Brazilian_Grand_Prix
Australia,2013-03-17,1,2013,albert_park,http://en.wikipedia.org/wiki/2013_Australian_Grand_Prix
Malaysia,2013-03-24,2,2013,sepang,http://en.wikipedia.org/wiki/2013_Malaysian_Grand_Prix
China,2013-04-14,3,2013,shanghai,http://en.wikipedia.org/wiki/2013_Chinese_Grand_Prix
Bahrain,2013-04-21,4,2013,bahrain,http://en.wikipedia.org/wiki/2013_Bahrain_Grand_Prix
Spain,2013-05-12,5,2013,catalunya,http://en.wikipedia.org/wiki/2013_Spanish_Grand_Prix
Monaco,2013-05-26,6,2013,monaco,http://en.wikipedia.org/wiki/2013_Monaco_Grand_Prix
Canada,2013-06-09,7,2013,villeneuve,http://en.wikipedia.org/wiki/2013_Canadian_Grand_Prix
UK,2013-06-30,8,2013,silverstone,http://en.wikipedia.org/wiki/2013_British_Grand_Prix
Germany,2013-07-07,9,2013,nurburgring,http://en.wikipedia.org/wiki/2013_German_Grand_Prix
Hungary,2013-07-28,10,2013,hungaroring,http://en.wikipedia.org/wiki/2013_Hungarian_Grand_Prix
Belgium,2013-08-25,11,2013,spa,http://en.wikipedia.org/wiki/2013_Belgian_Grand_Prix
Italy,2013-09-08,12,2013,monza,http://en.wikipedia.org/wiki/2013_Italian_Grand_Prix
Singapore,2013-09-22,13,2013,marina_bay,http://en.wikipedia.org/wiki/2013_Singapore_Grand_Prix
Korea,2013-10-06,14,2013,yeongam,http://en.wikipedia.org/wiki/2013_Korean_Grand_Prix
Japan,2013-10-13,15,2013,suzuka,http://en.wikipedia.org/wiki/2013_Japanese_Grand_Prix
India,2013-10-27,16,2013,buddh,http://en.wikipedia.org/wiki/2013_Indian_Grand_Prix
UAE,2013-11-03,17,2013,yas_marina,http://en.wikipedia.org/wiki/2013_Abu_Dhabi_Grand_Prix
USA,2013-11-17,18,2013,americas,http://en.wikipedia.org/wiki/2013_United_States_Grand_Prix
Brazil,2013-11-24,19,2013,interlagos,http://en.wikipedia.org/wiki/2013_Brazilian_Grand_Prix
Australia,2014-03-16,1,2014,albert_park,https://en.wikipedia.org/wiki/2014_Australian_Grand_Prix
Malaysia,2014-03-30,2,2014,sepang,https://en.wikipedia.org/wiki/2014_Malaysian_Grand_Prix
Bahrain,2014-04-06,3,2014,bahrain,http://en.wikipedia.org/wiki/2014_Bahrain_Grand_Prix
China,2014-04-20,4,2014,shanghai,http://en.wikipedia.org/wiki/2014_Chinese_Grand_Prix
Spain,2014-05-11,5,2014,catalunya,http://en.wikipedia.org/wiki/2014_Spanish_Grand_Prix
Monaco,2014-05-25,6,2014,monaco,http://en.wikipedia.org/wiki/2014_Monaco_Grand_Prix
Canada,2014-06-08,7,2014,villeneuve,http://en.wikipedia.org/wiki/2014_Canadian_Grand_Prix
Austria,2014-06-22,8,2014,red_bull_ring,http://en.wikipedia.org/wiki/2014_Austrian_Grand_Prix
UK,2014-07-06,9,2014,silverstone,http://en.wikipedia.org/wiki/2014_British_Grand_Prix
Germany,2014-07-20,10,2014,hockenheimring,http://en.wikipedia.org/wiki/2014_German_Grand_Prixs
Hungary,2014-07-27,11,2014,hungaroring,http://en.wikipedia.org/wiki/2014_Hungarian_Grand_Prix
Belgium,2014-08-24,12,2014,spa,http://en.wikipedia.org/wiki/2014_Belgian_Grand_Prix
Italy,2014-09-07,13,2014,monza,http://en.wikipedia.org/wiki/2014_Italian_Grand_Prix
Singapore,2014-09-21,14,2014,marina_bay,http://en.wikipedia.org/wiki/2014_Singapore_Grand_Prix
Japan,2014-10-05,15,2014,suzuka,http://en.wikipedia.org/wiki/2014_Japanese_Grand_Prix
Russia,2014-10-12,16,2014,sochi,http://en.wikipedia.org/wiki/2014_Russian_Grand_Prix
USA,2014-11-02,17,2014,americas,http://en.wikipedia.org/wiki/2014_United_States_Grand_Prix
Brazil,2014-11-09,18,2014,interlagos,http://en.wikipedia.org/wiki/2014_Brazilian_Grand_Prix
UAE,2014-11-23,19,2014,yas_marina,http://en.wikipedia.org/wiki/2014_Abu_Dhabi_Grand_Prix
Australia,2015-03-15,1,2015,albert_park,http://en.wikipedia.org/wiki/2015_Australian_Grand_Prix
Malaysia,2015-03-29,2,2015,sepang,http://en.wikipedia.org/wiki/2015_Malaysian_Grand_Prix
China,2015-04-12,3,2015,shanghai,http://en.wikipedia.org/wiki/2015_Chinese_Grand_Prix
Bahrain,2015-04-19,4,2015,bahrain,http://en.wikipedia.org/wiki/2015_Bahrain_Grand_Prix
Spain,2015-05-10,5,2015,catalunya,http://en.wikipedia.org/wiki/2015_Spanish_Grand_Prix
Monaco,2015-05-24,6,2015,monaco,http://en.wikipedia.org/wiki/2015_Monaco_Grand_Prix
Canada,2015-06-07,7,2015,villeneuve,http://en.wikipedia.org/wiki/2015_Canadian_Grand_Prix
Austria,2015-06-21,8,2015,red_bull_ring,http://en.wikipedia.org/wiki/2015_Austrian_Grand_Prix
UK,2015-07-05,9,2015,silverstone,http://en.wikipedia.org/wiki/2015_British_Grand_Prix
Hungary,2015-07-26,10,2015,hungaroring,http://en.wikipedia.org/wiki/2015_Hungarian_Grand_Prix
Belgium,2015-08-23,11,2015,spa,http://en.wikipedia.org/wiki/2015_Belgian_Grand_Prix
Italy,2015-09-06,12,2015,monza,http://en.wikipedia.org/wiki/2015_Italian_Grand_Prix
Singapore,2015-09-20,13,2015,marina_bay,https://en.wikipedia.org/wiki/2015_Singapore_Grand_Prix
Japan,2015-09-27,14,2015,suzuka,https://en.wikipedia.org/wiki/2015_Japanese_Grand_Prix
Russia,2015-10-11,15,2015,sochi,https://en.wikipedia.org/wiki/2015_Russian_Grand_Prix
USA,2015-10-25,16,2015,americas,https://en.wikipedia.org/wiki/2015_United_States_Grand_Prix
Mexico,2015-11-01,17,2015,rodriguez,https://en.wikipedia.org/wiki/2015_Mexican_Grand_Prix
Brazil,2015-11-15,18,2015,interlagos,https://en.wikipedia.org/wiki/2015_Brazilian_Grand_Prix
UAE,2015-11-29,19,2015,yas_marina,https://en.wikipedia.org/wiki/2015_Abu_Dhabi_Grand_Prix
Australia,2016-03-20,1,2016,albert_park,https://en.wikipedia.org/wiki/2016_Australian_Grand_Prix
Bahrain,2016-04-03,2,2016,bahrain,https://en.wikipedia.org/wiki/2016_Bahrain_Grand_Prix
China,2016-04-17,3,2016,shanghai,https://en.wikipedia.org/wiki/2016_Chinese_Grand_Prix
Russia,2016-05-01,4,2016,sochi,https://en.wikipedia.org/wiki/2016_Russian_Grand_Prix
Spain,2016-05-15,5,2016,catalunya,https://en.wikipedia.org/wiki/2016_Spanish_Grand_Prix
Monaco,2016-05-29,6,2016,monaco,https://en.wikipedia.org/wiki/2016_Monaco_Grand_Prix
Canada,2016-06-12,7,2016,villeneuve,https://en.wikipedia.org/wiki/2016_Canadian_Grand_Prix
Azerbaijan,2016-06-19,8,2016,BAK,https://en.wikipedia.org/wiki/2016_European_Grand_Prix
Austria,2016-07-03,9,2016,red_bull_ring,https://en.wikipedia.org/wiki/2016_Austrian_Grand_Prix
UK,2016-07-10,10,2016,silverstone,https://en.wikipedia.org/wiki/2016_British_Grand_Prix
Hungary,2016-07-24,11,2016,hungaroring,https://en.wikipedia.org/wiki/2016_Hungarian_Grand_Prix
Germany,2016-07-31,12,2016,hockenheimring,https://en.wikipedia.org/wiki/2016_German_Grand_Prix
Belgium,2016-08-28,13,2016,spa,https://en.wikipedia.org/wiki/2016_Belgian_Grand_Prix
Italy,2016-09-04,14,2016,monza,https://en.wikipedia.org/wiki/2016_Italian_Grand_Prix
Singapore,2016-09-18,15,2016,marina_bay,https://en.wikipedia.org/wiki/2016_Singapore_Grand_Prix
Malaysia,2016-10-02,16,2016,sepang,https://en.wikipedia.org/wiki/2016_Malaysian_Grand_Prix
Japan,2016-10-09,17,2016,suzuka,https://en.wikipedia.org/wiki/2016_Japanese_Grand_Prix
USA,2016-10-23,18,2016,americas,https://en.wikipedia.org/wiki/2016_United_States_Grand_Prix
Mexico,2016-10-30,19,2016,rodriguez,https://en.wikipedia.org/wiki/2016_Mexican_Grand_Prix
Brazil,2016-11-13,20,2016,interlagos,https://en.wikipedia.org/wiki/2016_Brazilian_Grand_Prix
UAE,2016-11-27,21,2016,yas_marina,https://en.wikipedia.org/wiki/2016_Abu_Dhabi_Grand_Prix
Australia,2017-03-26,1,2017,albert_park,https://en.wikipedia.org/wiki/2017_Australian_Grand_Prix
China,2017-04-09,2,2017,shanghai,https://en.wikipedia.org/wiki/2017_Chinese_Grand_Prix
Bahrain,2017-04-16,3,2017,bahrain,https://en.wikipedia.org/wiki/2017_Bahrain_Grand_Prix
Russia,2017-04-30,4,2017,sochi,https://en.wikipedia.org/wiki/2017_Russian_Grand_Prix
Spain,2017-05-14,5,2017,catalunya,https://en.wikipedia.org/wiki/2017_Spanish_Grand_Prix
Monaco,2017-05-28,6,2017,monaco,https://en.wikipedia.org/wiki/2017_Monaco_Grand_Prix
Canada,2017-06-11,7,2017,villeneuve,https://en.wikipedia.org/wiki/2017_Canadian_Grand_Prix
Azerbaijan,2017-06-25,8,2017,BAK,https://en.wikipedia.org/wiki/2017_Azerbaijan_Grand_Prix
Austria,2017-07-09,9,2017,red_bull_ring,https://en.wikipedia.org/wiki/2017_Austrian_Grand_Prix
UK,2017-07-16,10,2017,silverstone,https://en.wikipedia.org/wiki/2017_British_Grand_Prix
Hungary,2017-07-30,11,2017,hungaroring,https://en.wikipedia.org/wiki/2017_Hungarian_Grand_Prix
Belgium,2017-08-27,12,2017,spa,https://en.wikipedia.org/wiki/2017_Belgian_Grand_Prix
Italy,2017-09-03,13,2017,monza,https://en.wikipedia.org/wiki/2017_Italian_Grand_Prix
Singapore,2017-09-17,14,2017,marina_bay,https://en.wikipedia.org/wiki/2017_Singapore_Grand_Prix
Malaysia,2017-10-01,15,2017,sepang,https://en.wikipedia.org/wiki/2017_Malaysian_Grand_Prix
Japan,2017-10-08,16,2017,suzuka,https://en.wikipedia.org/wiki/2017_Japanese_Grand_Prix
USA,2017-10-22,17,2017,americas,https://en.wikipedia.org/wiki/2017_United_States_Grand_Prix
Mexico,2017-10-29,18,2017,rodriguez,https://en.wikipedia.org/wiki/2017_Mexican_Grand_Prix
Brazil,2017-11-12,19,2017,interlagos,https://en.wikipedia.org/wiki/2017_Brazilian_Grand_Prix
UAE,2017-11-26,20,2017,yas_marina,https://en.wikipedia.org/wiki/2017_Abu_Dhabi_Grand_Prix
Australia,2018-03-25,1,2018,albert_park,https://en.wikipedia.org/wiki/2018_Australian_Grand_Prix
Bahrain,2018-04-08,2,2018,bahrain,https://en.wikipedia.org/wiki/2018_Bahrain_Grand_Prix
China,2018-04-15,3,2018,shanghai,https://en.wikipedia.org/wiki/2018_Chinese_Grand_Prix
Azerbaijan,2018-04-29,4,2018,BAK,https://en.wikipedia.org/wiki/2018_Azerbaijan_Grand_Prix
Spain,2018-05-13,5,2018,catalunya,https://en.wikipedia.org/wiki/2018_Spanish_Grand_Prix
Monaco,2018-05-27,6,2018,monaco,https://en.wikipedia.org/wiki/2018_Monaco_Grand_Prix
Canada,2018-06-10,7,2018,villeneuve,https://en.wikipedia.org/wiki/2018_Canadian_Grand_Prix
France,2018-06-24,8,2018,ricard,https://en.wikipedia.org/wiki/2018_French_Grand_Prix
Austria,2018-07-01,9,2018,red_bull_ring,https://en.wikipedia.org/wiki/2018_Austrian_Grand_Prix
UK,2018-07-08,10,2018,silverstone,https://en.wikipedia.org/wiki/2018_British_Grand_Prix
Germany,2018-07-22,11,2018,hockenheimring,https://en.wikipedia.org/wiki/2018_German_Grand_Prix
Hungary,2018-07-29,12,2018,hungaroring,https://en.wikipedia.org/wiki/2018_Hungarian_Grand_Prix
Belgium,2018-08-26,13,2018,spa,https://en.wikipedia.org/wiki/2018_Belgian_Grand_Prix
Italy,2018-09-02,14,2018,monza,https://en.wikipedia.org/wiki/2018_Italian_Grand_Prix
Singapore,2018-09-16,15,2018,marina_bay,https://en.wikipedia.org/wiki/2018_Singapore_Grand_Prix
Russia,2018-09-30,16,2018,sochi,https://en.wikipedia.org/wiki/2018_Russian_Grand_Prix
Japan,2018-10-07,17,2018,suzuka,https://en.wikipedia.org/wiki/2018_Japanese_Grand_Prix
USA,2018-10-21,18,2018,americas,https://en.wikipedia.org/wiki/2018_United_States_Grand_Prix
Mexico,2018-10-28,19,2018,rodriguez,https://en.wikipedia.org/wiki/2018_Mexican_Grand_Prix
Brazil,2018-11-11,20,2018,interlagos,https://en.wikipedia.org/wiki/2018_Brazilian_Grand_Prix
UAE,2018-11-25,21,2018,yas_marina,https://en.wikipedia.org/wiki/2018_Abu_Dhabi_Grand_Prix
Australia,2019-03-17,1,2019,albert_park,https://en.wikipedia.org/wiki/2019_Australian_Grand_Prix
Bahrain,2019-03-31,2,2019,bahrain,https://en.wikipedia.org/wiki/2019_Bahrain_Grand_Prix
China,2019-04-14,3,2019,shanghai,https://en.wikipedia.org/wiki/2019_Chinese_Grand_Prix
Azerbaijan,2019-04-28,4,2019,BAK,https://en.wikipedia.org/wiki/2019_Azerbaijan_Grand_Prix
Spain,2019-05-12,5,2019,catalunya,https://en.wikipedia.org/wiki/2019_Spanish_Grand_Prix
Monaco,2019-05-26,6,2019,monaco,https://en.wikipedia.org/wiki/2019_Monaco_Grand_Prix
Canada,2019-06-09,7,2019,villeneuve,https://en.wikipedia.org/wiki/2019_Canadian_Grand_Prix
France,2019-06-23,8,2019,ricard,https://en.wikipedia.org/wiki/2019_French_Grand_Prix
Austria,2019-06-30,9,2019,red_bull_ring,https://en.wikipedia.org/wiki/2019_Austrian_Grand_Prix
UK,2019-07-14,10,2019,silverstone,https://en.wikipedia.org/wiki/2019_British_Grand_Prix
Germany,2019-07-28,11,2019,hockenheimring,https://en.wikipedia.org/wiki/2019_German_Grand_Prix
Hungary,2019-08-04,12,2019,hungaroring,https://en.wikipedia.org/wiki/2019_Hungarian_Grand_Prix
Belgium,2019-09-01,13,2019,spa,https://en.wikipedia.org/wiki/2019_Belgian_Grand_Prix
Italy,2019-09-08,14,2019,monza,https://en.wikipedia.org/wiki/2019_Italian_Grand_Prix
Singapore,2019-09-22,15,2019,marina_bay,https://en.wikipedia.org/wiki/2019_Singapore_Grand_Prix
Russia,2019-09-29,16,2019,sochi,https://en.wikipedia.org/wiki/2019_Russian_Grand_Prix
Japan,2019-10-13,17,2019,suzuka,https://en.wikipedia.org/wiki/2019_Japanese_Grand_Prix
Mexico,2019-10-27,18,2019,rodriguez,https://en.wikipedia.org/wiki/2019_Mexican_Grand_Prix
USA,2019-11-03,19,2019,americas,https://en.wikipedia.org/wiki/2019_United_States_Grand_Prix
Brazil,2019-11-17,20,2019,interlagos,https://en.wikipedia.org/wiki/2019_Brazilian_Grand_Prix
UAE,2019-12-01,21,2019,yas_marina,https://en.wikipedia.org/wiki/2019_Abu_Dhabi_Grand_Prix
Austria,2020-07-05,1,2020,red_bull_ring,https://en.wikipedia.org/wiki/2020_Austrian_Grand_Prix
Austria,2020-07-12,2,2020,red_bull_ring,https://en.wikipedia.org/wiki/2020_Styrian_Grand_Prix
Hungary,2020-07-19,3,2020,hungaroring,https://en.wikipedia.org/wiki/2020_Hungarian_Grand_Prix
UK,2020-08-02,4,2020,silverstone,https://en.wikipedia.org/wiki/2020_British_Grand_Prix
UK,2020-08-09,5,2020,silverstone,https://en.wikipedia.org/wiki/70th_Anniversary_Grand_Prix
Spain,2020-08-16,6,2020,catalunya,https://en.wikipedia.org/wiki/2020_Spanish_Grand_Prix
Belgium,2020-08-30,7,2020,spa,https://en.wikipedia.org/wiki/2020_Belgian_Grand_Prix
Italy,2020-09-06,8,2020,monza,https://en.wikipedia.org/wiki/2020_Italian_Grand_Prix
Italy,2020-09-13,9,2020,mugello,https://en.wikipedia.org/wiki/2020_Tuscan_Grand_Prix
Russia,2020-09-27,10,2020,sochi,https://en.wikipedia.org/wiki/2020_Russian_Grand_Prix
Germany,2020-10-11,11,2020,nurburgring,https://en.wikipedia.org/wiki/2020_Eifel_Grand_Prix
Portugal,2020-10-25,12,2020,portimao,https://en.wikipedia.org/wiki/2020_Portuguese_Grand_Prix
Italy,2020-11-01,13,2020,imola,https://en.wikipedia.org/wiki/2020_Emilia_Romagna_Grand_Prix
Turkey,2020-11-15,14,2020,istanbul,https://en.wikipedia.org/wiki/2020_Turkish_Grand_Prix
Bahrain,2020-11-29,15,2020,bahrain,https://en.wikipedia.org/wiki/2020_Bahrain_Grand_Prix
Bahrain,2020-12-06,16,2020,bahrain,https://en.wikipedia.org/wiki/2020_Sakhir_Grand_Prix
UAE,2020-12-13,17,2020,yas_marina,https://en.wikipedia.org/wiki/2020_Abu_Dhabi_Grand_Prix
