Round: 0,Country,Date,weather,weather_warm,weather_cold,weather_dry,weather_wet,weather_cloudy
0,UK,1950-05-13,N/A,0,0,0,0,0
1,Monaco,1950-05-21,N/A,0,0,0,0,0
2,USA,1950-05-30,Rainy,0,0,0,11,0
3,Switzerland,1950-06-04,"Warm, dry and sunny",11,0,11,0,0
4,Belgium,1950-06-18,"Warm, dry and sunny",11,0,11,0,0
5,France,1950-07-02,Hot and sunny,11,0,0,0,0
6,Italy,1950-09-03,"Warm, hot and sunny",11,0,0,0,0
7,Switzerland,1951-05-27,"Overcast, rain",0,0,0,11,0
8,USA,1951-05-30,Warm and sunny,11,0,0,0,0
9,Belgium,1951-06-17,"Sunny, Mild, Dry",0,0,11,0,0
10,France,1951-07-01,"Sunny, Hot, Dry",0,0,11,0,0
11,UK,1951-07-14,"Mild, Dry",0,0,11,0,0
12,Germany,1951-07-29,"Sunny, Mild, Dry",0,0,11,0,0
13,Italy,1951-09-16,Warm and sunny,11,0,0,0,0
14,Spain,1951-10-28,"Hot, Dry",0,0,11,0,0
15,Switzerland,1952-05-18,Sunny,11,0,0,0,0
16,USA,1952-05-30,Warm and sunny,11,0,0,0,0
17,Belgium,1952-06-22,Rain,0,0,0,11,0
18,France,1952-07-06,Rain,0,0,0,11,0
19,UK,1952-07-19,"Overcast, dry.",0,0,0,0,0
20,Germany,1952-08-03,Sunny,11,0,0,0,0
21,Netherlands,1952-08-17,Rainy,0,0,0,11,0
22,Italy,1952-09-07,Sunny,11,0,0,0,0
23,Argentina,1953-01-18,"Hot, dry",0,0,11,0,0
24,USA,1953-05-30,Extremely hot,11,0,0,0,0
25,Netherlands,1953-06-07,"Sunny, mild, dry",0,0,11,0,0
26,Belgium,1953-06-21,"Hot, dry",0,0,11,0,0
27,France,1953-07-05,"Hot, dry",0,0,11,0,0
28,UK,1953-07-18,"Overcast, showers",0,0,0,11,0
29,Germany,1953-08-02,"Sunny, mild, dry",0,0,11,0,0
30,Switzerland,1953-08-23,"Sunny, mild, dry",0,0,11,0,0
31,Italy,1953-09-13,"Sunny, mild, dry",0,0,11,0,0
32,Argentina,1954-01-17,"Overcast, wet",0,0,0,11,0
33,USA,1954-05-31,Very hot and sunny,11,0,0,0,0
34,Belgium,1954-06-20,N/A,0,0,0,0,0
35,France,1954-07-04,N/A,0,0,0,0,0
36,UK,1954-07-17,"Cold, wet (heavy rain).[1]",0,0,0,11,0
37,Germany,1954-08-01,"Sunny, dry",0,0,11,0,0
38,Switzerland,1954-08-22,Rain,0,0,0,11,0
39,Italy,1954-09-05,"Sunny, mild, dry",0,0,11,0,0
40,Spain,1954-10-24,"Sunny, mild, dry",0,0,11,0,0
41,Argentina,1955-01-16,Very hot and dry,11,0,11,0,0
42,Monaco,1955-05-22,N/A,0,0,0,0,0
43,USA,1955-05-30,Cool and windy,0,11,0,0,0
44,Belgium,1955-06-05,N/A,0,0,0,0,0
45,Netherlands,1955-06-19,N/A,0,0,0,0,0
46,UK,1955-07-16,"Hot, dry.[1]",0,0,0,0,0
47,Italy,1955-09-11,N/A,0,0,0,0,0
48,Argentina,1956-01-22,Overcast but dry,0,0,11,0,11
49,Monaco,1956-05-13,"Warm, dry, sunny",11,0,0,0,0
50,USA,1956-05-30,"Overcast, dry track",0,0,11,0,0
51,Belgium,1956-06-03,"Wet and overcast, later drying",0,0,0,11,0
52,France,1956-07-01,N/A,0,0,0,0,0
53,UK,1956-07-14,"Overcast, dry",0,0,11,0,0
54,Germany,1956-08-05,N/A,0,0,0,0,0
55,Italy,1956-09-02,"Cloudy, warm, alternating light rain",0,0,0,11,0
56,Argentina,1957-01-13,N/A,0,0,0,0,0
57,Monaco,1957-05-19,N/A,0,0,0,0,0
58,USA,1957-05-30,"Slightly overcast, dry track",0,0,11,0,0
59,France,1957-07-07,N/A,0,0,0,0,0
60,UK,1957-07-20,"Overcast, dry.",0,0,0,0,0
61,Germany,1957-08-04,N/A,0,0,0,0,0
62,Italy,1957-08-18,"Sunny, very hot, dry",0,0,11,0,0
63,Italy,1957-09-08,N/A,0,0,0,0,0
64,Argentina,1958-01-19,N/A,0,0,0,0,0
65,Monaco,1958-05-18,N/A,0,0,0,0,0
66,Netherlands,1958-05-26,N/A,0,0,0,0,0
67,USA,1958-05-30,N/A,0,0,0,0,0
68,Belgium,1958-06-15,"Hot, dry",0,0,11,0,0
69,France,1958-07-06,N/A,0,0,0,0,0
70,UK,1958-07-19,N/A,0,0,0,0,0
71,Germany,1958-08-03,N/A,0,0,0,0,0
72,Portugal,1958-08-24,N/A,0,0,0,0,0
73,Italy,1958-09-07,N/A,0,0,0,0,0
74,Morocco,1958-10-19,"Warm, dry, sunny",11,0,0,0,0
75,Monaco,1959-05-10,"Hot, clear",11,0,0,0,0
76,USA,1959-05-30,N/A,0,0,0,0,0
77,Netherlands,1959-05-31,N/A,0,0,0,0,0
78,France,1959-07-05,"Hot, dry",0,0,11,0,0
79,UK,1959-07-18,Dry and sunny.,0,0,11,0,0
80,Germany,1959-08-02,Dry and dull.,0,0,11,0,0
81,Portugal,1959-08-23,N/A,0,0,0,0,0
82,Italy,1959-09-13,Dry and sunny,11,0,11,0,0
83,USA,1959-12-12,N/A,0,0,0,0,0
84,Argentina,1960-02-07,Dry,0,0,11,0,0
85,Monaco,1960-05-29,N/A,0,0,0,0,0
86,USA,1960-05-30,N/A,0,0,0,0,0
87,Netherlands,1960-06-06,N/A,0,0,0,0,0
88,Belgium,1960-06-19,N/A,0,0,0,0,0
89,France,1960-07-03,Dry,0,0,11,0,0
90,UK,1960-07-16,"Dry, overcast.",0,0,0,0,0
91,Portugal,1960-08-14,N/A,0,0,0,0,0
92,Italy,1960-09-04,N/A,0,0,0,0,0
93,USA,1960-11-20,Temperatures up to 75.9 °F (24.4 °C); wind speeds up to 9.9 miles per hour (15.9 km/h)[1],0,0,0,0,0
94,Monaco,1961-05-14,Sunny,11,0,0,0,0
95,Netherlands,1961-05-22,Sunny,11,0,0,0,0
96,Belgium,1961-06-18,Sunny,11,0,0,0,0
97,France,1961-07-02,Sunny,11,0,0,0,0
98,UK,1961-07-15,N/A,0,0,0,0,0
99,Germany,1961-08-06,Wet,0,0,0,11,0
100,Italy,1961-09-10,Sunny,11,0,0,0,0
101,USA,1961-10-08,Temperatures up to 72 °F (22 °C); wind speeds up to 8.9 miles per hour (14.3 km/h)[1],0,0,0,0,0
102,Netherlands,1962-05-20,N/A,0,0,0,0,0
103,Monaco,1962-06-03,Cloudy,0,0,0,0,11
104,Belgium,1962-06-17,Sunny,11,0,0,0,0
105,France,1962-07-08,Sunny,11,0,0,0,0
106,UK,1962-07-21,Sunny,11,0,0,0,0
107,Germany,1962-08-05,Heavy rain showers,0,0,0,11,0
108,Italy,1962-09-16,"Dry, with rain later",0,0,0,11,0
109,USA,1962-10-07,Sunny,11,0,0,0,0
110,South Africa,1962-12-29,"Dry, windy",0,0,0,0,0
111,Monaco,1963-05-26,"Warm, dry and sunny",11,0,11,0,0
112,Belgium,1963-06-09,Wet and overcast,0,0,0,11,11
113,Netherlands,1963-06-23,Sunny,11,0,0,0,0
114,France,1963-06-30,"Sunny, then rain",0,0,0,11,0
115,UK,1963-07-20,"Warm, dry and sunny",11,0,11,0,0
116,Germany,1963-08-04,"Warm, dry and sunny",11,0,11,0,0
117,Italy,1963-09-08,"Warm, dry and sunny",11,0,11,0,0
118,USA,1963-10-06,Sunny,11,0,0,0,0
119,Mexico,1963-10-27,"Overcast, dry",0,0,11,0,0
120,South Africa,1963-12-28,"Hot, dry and windy",0,0,11,0,0
121,Monaco,1964-05-10,N/A,0,0,0,0,0
122,Netherlands,1964-05-24,Dry,0,0,11,0,0
123,Belgium,1964-06-14,Dry,0,0,11,0,0
124,France,1964-06-28,Dry,0,0,11,0,0
125,UK,1964-07-11,"Warm, dry",0,0,11,0,0
126,Germany,1964-08-02,Dry,0,0,11,0,0
127,Austria,1964-08-23,Dry,0,0,11,0,0
128,Italy,1964-09-06,Dry,0,0,11,0,0
129,USA,1964-10-04,"Sunny, warm",11,0,0,0,0
130,Mexico,1964-10-25,N/A,0,0,0,0,0
131,South Africa,1965-01-01,N/A,0,0,0,0,0
132,Monaco,1965-05-30,N/A,0,0,0,0,0
133,Belgium,1965-06-13,Heavy rain,0,0,0,11,0
134,France,1965-06-27,N/A,0,0,0,0,0
135,UK,1965-07-10,"Warm, dry and overcast",0,0,11,0,11
136,Netherlands,1965-07-18,N/A,0,0,0,0,0
137,Germany,1965-08-01,Overcast and dry,0,0,11,0,11
138,Italy,1965-09-12,N/A,0,0,0,0,0
139,USA,1965-10-03,"Rainy, windy, cold",0,11,0,0,0
140,Mexico,1965-10-24,N/A,0,0,0,0,0
141,Monaco,1966-05-22,"Overcast, Mild, Dry",0,0,11,0,0
142,Belgium,1966-06-12,Overcast and wet,0,0,0,11,11
143,France,1966-07-03,"Hot, dry",0,0,11,0,0
144,UK,1966-07-16,"Wet, drying later",0,0,0,0,0
145,Netherlands,1966-07-24,"Sunny, Mild, Dry",0,0,11,0,0
146,Germany,1966-08-07,Overcast and wet,0,0,0,11,11
147,Italy,1966-09-04,"Warm, dry and sunny",11,0,11,0,0
148,USA,1966-10-02,"Cool, dry",0,0,11,0,0
149,Mexico,1966-10-23,"Warm, clear",11,0,0,0,0
150,South Africa,1967-01-02,N/A,0,0,0,0,0
151,Monaco,1967-05-07,N/A,0,0,0,0,0
152,Netherlands,1967-06-04,N/A,0,0,0,0,0
153,Belgium,1967-06-18,N/A,0,0,0,0,0
154,France,1967-07-02,N/A,0,0,0,0,0
155,UK,1967-07-15,N/A,0,0,0,0,0
156,Germany,1967-08-06,"Warm, dry and sunny",11,0,11,0,0
157,Canada,1967-08-27,N/A,0,0,0,0,0
158,Italy,1967-09-10,"Warm, dry",0,0,11,0,0
159,USA,1967-10-01,Sunny,11,0,0,0,0
160,Mexico,1967-10-22,N/A,0,0,0,0,0
161,South Africa,1968-01-01,"Very hot, dry",0,0,11,0,0
162,Spain,1968-05-12,"Hot, Dry",0,0,11,0,0
163,Monaco,1968-05-26,"Sunny, Mild, Dry",0,0,11,0,0
164,Belgium,1968-06-09,"Overcast, Dry",0,0,11,0,0
165,Netherlands,1968-06-23,Showers,0,0,0,11,0
166,France,1968-07-07,Wet,0,0,0,11,0
167,UK,1968-07-20,"Hot, Dry",0,0,11,0,0
168,Germany,1968-08-04,"Hazy, Wet",0,0,0,11,0
169,Italy,1968-09-08,"Hot, Dry",0,0,11,0,0
170,Canada,1968-09-22,Sunny with temperatures reaching up to 27.8 °C (82.0 °F) and wind speeds up to 10.1 kilometres per hour (6.3 mph); no precipitation reported throughout the day[1],11,0,0,0,0
171,USA,1968-10-06,Temperatures reaching a maximum of 51.1 °F (10.6 °C); wind speeds up to 14 miles per hour (23 km/h)[1],0,0,0,0,0
172,Mexico,1968-11-03,"Sunny, Mild, Dry",0,0,11,0,0
173,South Africa,1969-03-01,"Hot, Dry",0,0,11,0,0
174,Spain,1969-05-04,"Sunny, mild, dry",0,0,11,0,0
175,Monaco,1969-05-18,"Overcast, mild, dry",0,0,11,0,0
176,Netherlands,1969-06-21,"Sunny, mild, dry",0,0,11,0,0
177,France,1969-07-06,"Sunny, mild, dry",0,0,11,0,0
178,UK,1969-07-19,"Overcast, dry",0,0,11,0,0
179,Germany,1969-08-03,N/A,0,0,0,0,0
180,Italy,1969-09-07,"Sunny, Dry",0,0,11,0,0
181,Canada,1969-09-20,Mild with temperatures approaching 21.1 °C (70.0 °F); wind speeds up to 10.1 kilometres per hour (6.3 mph)[1],11,0,0,0,0
182,USA,1969-10-05,Dry with temperatures reaching up to 64 °F (18 °C); wind speeds up to 10.1 miles per hour (16.3 km/h)[1],0,0,11,0,0
183,Mexico,1969-10-19,Warm and dry,11,0,11,0,0
184,South Africa,1970-03-07,"Very hot, Dry",0,0,11,0,0
185,Spain,1970-04-19,"Very hot, Dry",0,0,11,0,0
186,Monaco,1970-05-10,Sunny and warm,11,0,0,0,0
187,Belgium,1970-06-07,N/A,0,0,0,0,0
188,Netherlands,1970-06-21,Cloudy,0,0,0,0,11
189,France,1970-07-05,Overcast,0,0,0,0,11
190,UK,1970-07-18,N/A,0,0,0,0,0
191,Germany,1970-08-02,N/A,0,0,0,0,0
192,Austria,1970-08-16,N/A,0,0,0,0,0
193,Italy,1970-09-06,"Sunny, Dry",0,0,11,0,0
194,Canada,1970-09-20,Mild with temperatures approaching 23.3 °C (73.9 °F); winds gusting up to 10.1 kilometres per hour (6.3 mph)[1],11,0,0,0,0
195,USA,1970-10-04,Cloudy and dry with temperatures reaching up to 50 °F (10 °C); winds gusting up to 15.9 miles per hour (25.6 km/h)[1],0,0,11,0,11
196,Mexico,1970-10-25,N/A,0,0,0,0,0
197,South Africa,1971-03-06,"Sunny, Hot, Dry",0,0,11,0,0
198,Spain,1971-04-18,"Sunny, Hot, Dry",0,0,11,0,0
199,Monaco,1971-05-23,Overcast,0,0,0,0,11
200,Netherlands,1971-06-20,Wet,0,0,0,11,0
201,France,1971-07-04,N/A,0,0,0,0,0
202,UK,1971-07-17,"Overcast, dry",0,0,11,0,0
203,Germany,1971-08-01,N/A,0,0,0,0,0
204,Austria,1971-08-15,Dry,0,0,11,0,0
205,Italy,1971-09-05,N/A,0,0,0,0,0
206,Canada,1971-09-19,Chilly with temperatures approaching 17.8 °C (64.0 °F); wind speeds up to 8 kilometres per hour (5.0 mph)[1],0,11,0,0,0
207,USA,1971-10-03,Dry,0,0,11,0,0
208,Argentina,1972-01-23,N/A,0,0,0,0,0
209,South Africa,1972-03-04,"Sunny, Hot, Dry",0,0,11,0,0
210,Spain,1972-05-01,N/A,0,0,0,0,0
211,Monaco,1972-05-14,Wet,0,0,0,11,0
212,Belgium,1972-06-04,N/A,0,0,0,0,0
213,France,1972-07-02,N/A,0,0,0,0,0
214,UK,1972-07-15,"Warm, dry",0,0,11,0,0
215,Germany,1972-07-30,N/A,0,0,0,0,0
216,Austria,1972-08-13,"Sunny, hot",11,0,0,0,0
217,Italy,1972-09-10,Dry and sunny,11,0,11,0,0
218,Canada,1972-09-24,Mild with temperatures approaching 22.8 °C (73.0 °F); wind speeds up to 12 kilometres per hour (7.5 mph)[1],11,0,0,0,0
219,USA,1972-10-08,"Sunny at start, brief showers late",11,0,0,11,0
220,Argentina,1973-01-28,N/A,0,0,0,0,0
221,Brazil,1973-02-11,Partly cloudy and hot,11,0,0,0,11
222,South Africa,1973-03-03,"Sunny, Hot, Dry",0,0,11,0,0
223,Spain,1973-04-29,"Sunny, Hot, Dry",0,0,11,0,0
224,Belgium,1973-05-20,"Warm, dry",0,0,11,0,0
225,Monaco,1973-06-03,N/A,0,0,0,0,0
226,Sweden,1973-06-17,N/A,0,0,0,0,0
227,France,1973-07-01,N/A,0,0,0,0,0
228,UK,1973-07-14,Dry,0,0,11,0,0
229,Netherlands,1973-07-29,N/A,0,0,0,0,0
230,Germany,1973-08-05,Dry,0,0,11,0,0
231,Austria,1973-08-19,N/A,0,0,0,0,0
232,Italy,1973-09-09,N/A,0,0,0,0,0
233,Canada,1973-09-23,Mild with temperatures approaching 22.2 °C (72.0 °F); wind speeds up to 11.8 kilometres per hour (7.3 mph)[1],11,0,0,0,0
234,USA,1973-10-07,Cloudy with temperatures approaching 68 °F (20 °C); wind speeds up to 8 miles per hour (13 km/h)[1],0,0,0,0,11
235,Argentina,1974-01-13,Hot and sunny,11,0,0,0,0
236,Brazil,1974-01-27,"Cloudy and dry in the first phase, then seasonal monsoon later.",0,0,11,0,11
237,South Africa,1974-03-30,N/A,0,0,0,0,0
238,Spain,1974-04-28,N/A,0,0,0,0,0
239,Belgium,1974-05-12,N/A,0,0,0,0,0
240,Monaco,1974-05-26,N/A,0,0,0,0,0
241,Sweden,1974-06-09,N/A,0,0,0,0,0
242,Netherlands,1974-06-23,N/A,0,0,0,0,0
243,France,1974-07-07,N/A,0,0,0,0,0
244,UK,1974-07-20,N/A,0,0,0,0,0
245,Germany,1974-08-04,"Overcast, showers",0,0,0,11,0
246,Austria,1974-08-18,N/A,0,0,0,0,0
247,Italy,1974-09-08,N/A,0,0,0,0,0
248,Canada,1974-09-22,N/A,0,0,0,0,0
249,USA,1974-10-06,"Clear, warm",11,0,0,0,0
250,Argentina,1975-01-12,Hot and sunny,11,0,0,0,0
251,Brazil,1975-01-26,Hot and dry,11,0,11,0,0
252,South Africa,1975-03-01,Sunny,11,0,0,0,0
253,Spain,1975-04-27,N/A,0,0,0,0,0
254,Monaco,1975-05-11,"Rain, later drying",0,0,0,0,0
255,Belgium,1975-05-25,Dry and sunny,11,0,11,0,0
256,Sweden,1975-06-08,Dry,0,0,11,0,0
257,Netherlands,1975-06-22,"Wet, drying later",0,0,0,0,0
258,France,1975-07-06,Dry and sunny,11,0,11,0,0
259,UK,1975-07-19,"Sunny, then overcast, then heavy rain",0,0,0,11,0
260,Germany,1975-08-03,Dry and sunny,11,0,11,0,0
261,Austria,1975-08-17,Heavy rain,0,0,0,11,0
262,Italy,1975-09-07,Dry and sunny,11,0,11,0,0
263,USA,1975-10-05,Partly sunny with temperatures reaching a maximum of 69.1 °F (20.6 °C); wind speeds up to 14 miles per hour (23 km/h)[1],11,0,0,0,0
264,Brazil,1976-01-25,Sunny,11,0,0,0,0
265,South Africa,1976-03-06,Sunny,11,0,0,0,0
266,USA,1976-03-28,Hot and sunny with temperatures reaching up to 70 °F (21 °C); wind speeds approaching speeds up to 15 miles per hour (24 km/h)[2],11,0,0,0,0
267,Spain,1976-05-02,N/A,0,0,0,0,0
268,Belgium,1976-05-16,N/A,0,0,0,0,0
269,Monaco,1976-05-30,Dry,0,0,11,0,0
270,Sweden,1976-06-13,Dry,0,0,11,0,0
271,France,1976-07-04,N/A,0,0,0,0,0
272,UK,1976-07-18,Dry,0,0,11,0,0
273,Germany,1976-08-01,"Rain at start, later drying",0,0,0,11,0
274,Austria,1976-08-15,N/A,0,0,0,0,0
275,Netherlands,1976-08-29,"Warm, dry",0,0,11,0,0
276,Italy,1976-09-12,N/A,0,0,0,0,0
277,Canada,1976-10-03,Mild with temperatures approaching 22 °C (72 °F); wind speeds up to 8.9 kilometres per hour (5.5 mph)[2],11,0,0,0,0
278,USA,1976-10-10,Sunny with temperatures reaching up to 61 °F (16 °C); winds gusting up to 15.9 miles per hour (25.6 km/h)[2],11,0,0,0,0
279,Japan,1976-10-24,N/A,0,0,0,0,0
280,Argentina,1977-01-09,Dry,0,0,11,0,0
281,Brazil,1977-01-23,N/A,0,0,0,0,0
282,South Africa,1977-03-05,Sunny,11,0,0,0,0
283,USA,1977-04-03,Sunny with temperatures reaching up to 68 °F (20 °C); winds gusting up to 10.9 miles per hour (17.5 km/h)[1],11,0,0,0,0
284,Spain,1977-05-08,N/A,0,0,0,0,0
285,Monaco,1977-05-22,Dry,0,0,11,0,0
286,Belgium,1977-06-05,Wet,0,0,0,11,0
287,Sweden,1977-06-19,Dry,0,0,11,0,0
288,France,1977-07-03,Dry,0,0,11,0,0
289,UK,1977-07-16,Sunny,11,0,0,0,0
290,Germany,1977-07-31,N/A,0,0,0,0,0
291,Austria,1977-08-14,"Wet, then drying",0,0,0,0,0
292,Netherlands,1977-08-28,Dry,0,0,11,0,0
293,Italy,1977-09-11,Dry,0,0,11,0,0
294,USA,1977-10-02,Rain with temperatures reaching up to 63 °F (17 °C); winds gusting up to 12.8 miles per hour (20.6 km/h)[1],0,0,0,11,0
295,Canada,1977-10-09,Cold with temperatures approaching 12 °C (54 °F); wind speeds up to 12.8 kilometres per hour (8.0 mph)[1],0,11,0,0,0
296,Japan,1977-10-23,Dry,0,0,11,0,0
297,Argentina,1978-01-15,Dry,0,0,11,0,0
298,Brazil,1978-01-29,Dry,0,0,11,0,0
299,South Africa,1978-03-04,Dry,0,0,11,0,0
300,USA,1978-04-02,Scattered clouds 17 °C (63 °F)[1],0,0,0,0,11
301,Monaco,1978-05-07,Dry,0,0,11,0,0
302,Belgium,1978-05-21,Dry,0,0,11,0,0
303,Spain,1978-06-04,Dry,0,0,11,0,0
304,Sweden,1978-06-17,Sunny and warm,11,0,0,0,0
305,France,1978-07-02,Dry,0,0,11,0,0
306,UK,1978-07-16,Dry,0,0,11,0,0
307,Germany,1978-07-30,Dry,0,0,11,0,0
308,Austria,1978-08-13,Wet,0,0,0,11,0
309,Netherlands,1978-08-27,Dry,0,0,11,0,0
310,Italy,1978-09-10,Sunny,11,0,0,0,0
311,USA,1978-10-01,"Cloudy, dry",0,0,11,0,0
312,Canada,1978-10-08,Mostly cloudy and cold5 °C (41 °F)[1],0,0,0,0,11
313,Argentina,1979-01-21,Dry,0,0,11,0,0
314,Brazil,1979-02-04,Dry,0,0,11,0,0
315,South Africa,1979-03-03,Wet,0,0,0,11,0
316,USA,1979-04-08,N/A,0,0,0,0,0
317,Spain,1979-04-29,N/A,0,0,0,0,0
318,Belgium,1979-05-13,Dry,0,0,11,0,0
319,Monaco,1979-05-27,Dry,0,0,11,0,0
320,France,1979-07-01,Dry,0,0,11,0,0
321,UK,1979-07-14,Dry,0,0,11,0,0
322,Germany,1979-07-29,Dry,0,0,11,0,0
323,Austria,1979-08-12,Dry,0,0,11,0,0
324,Netherlands,1979-08-26,Dry,0,0,11,0,0
325,Italy,1979-09-09,Dry and sunny,11,0,11,0,0
326,Canada,1979-09-30,"Partially cloudy, mild and dry with temperatures reaching up to 21 °C (70 °F); wind speeds up to 18.3 kilometres per hour (11.4 mph)[1]",11,0,11,0,0
327,USA,1979-10-07,Rain with temperatures reaching a maximum of 59 °F (15 °C); wind speeds up to 15 miles per hour (24 km/h)[1],0,0,0,11,0
328,Argentina,1980-01-13,N/A,0,0,0,0,0
329,Brazil,1980-01-27,Dry,0,0,11,0,0
330,South Africa,1980-03-01,Dry,0,0,11,0,0
331,USA,1980-03-30,Sunny and warm with temperatures reaching up to 81 °F (27 °C); wind speeds up to 10.9 miles per hour (17.5 km/h)[1],11,0,0,0,0
332,Belgium,1980-05-04,Dry,0,0,11,0,0
333,Monaco,1980-05-18,N/A,0,0,0,0,0
334,France,1980-06-29,N/A,0,0,0,0,0
335,UK,1980-07-13,N/A,0,0,0,0,0
336,Germany,1980-08-10,"Overcast, Dry",0,0,11,0,0
337,Austria,1980-08-17,"Mild, Dry",0,0,11,0,0
338,Netherlands,1980-08-31,"Sunny, Mild, Dry",0,0,11,0,0
339,Italy,1980-09-14,"Sunny, Mild, Dry",0,0,11,0,0
340,Canada,1980-09-28,N/A,0,0,0,0,0
341,USA,1980-10-05,Cloudy and dry with temperatures reaching up to 54 °F (12 °C); wind speeds up to 8 miles per hour (13 km/h)[1],0,0,11,0,11
342,USA,1981-03-15,Sunny and warm with temperatures reaching up to 71.1 °F (21.7 °C); wind speeds approaching 10.9 miles per hour (17.5 km/h)[1],11,0,0,0,0
343,Brazil,1981-03-29,"Overcast, Fresh, Rain",0,0,0,11,0
344,Argentina,1981-04-12,"Sunny, Hot, Dry",0,0,11,0,0
345,Italy,1981-05-03,"Rain, cold",0,11,0,0,0
346,Belgium,1981-05-17,Wet/Dry,0,0,0,0,0
347,Monaco,1981-05-31,Dry,0,0,11,0,0
348,Spain,1981-06-21,"Sunny, hot",11,0,0,0,0
349,France,1981-07-05,Wet,0,0,0,11,0
350,UK,1981-07-18,Dry,0,0,11,0,0
351,Germany,1981-08-02,Wet / Dry,0,0,11,11,0
352,Austria,1981-08-16,"Mild, Dry",0,0,11,0,0
353,Netherlands,1981-08-30,"Sunny, Dry",0,0,11,0,0
354,Italy,1981-09-13,Dry and sunny,11,0,11,0,0
355,Canada,1981-09-27,N/A,0,0,0,0,0
356,USA,1981-10-17,Sunny with temperatures reaching up to 75 °F (24 °C); wind speeds approaching speeds up to 11.1 miles per hour (17.9 km/h)[1],11,0,0,0,0
357,South Africa,1982-01-23,Dry,0,0,11,0,0
358,Brazil,1982-03-21,Dry,0,0,11,0,0
359,USA,1982-04-04,N/A,0,0,0,0,0
360,Italy,1982-04-25,N/A,0,0,0,0,0
361,Belgium,1982-05-09,Cold with air temperatures reaching up to 13 °C (55 °F)[1],0,11,0,0,0
362,Monaco,1982-05-23,"Dry, then Wet",0,0,0,11,0
363,USA,1982-06-06,Sunny and warm with temperatures reaching up to 72 °F (22 °C); wind speeds up to 16.1 miles per hour (25.9 km/h)[1],11,0,0,0,0
364,Canada,1982-06-13,Overcast and chilly17 °C (63 °F)[1],0,0,0,0,11
365,Netherlands,1982-07-03,Cloudy,0,0,0,0,11
366,UK,1982-07-18,N/A,0,0,0,0,0
367,France,1982-07-25,Dry,0,0,11,0,0
368,Germany,1982-08-08,Dry,0,0,11,0,0
369,Austria,1982-08-15,"Sunny, hot",11,0,0,0,0
370,France,1982-08-29,Dry,0,0,11,0,0
371,Italy,1982-09-12,Dry,0,0,11,0,0
372,USA,1982-09-25,N/A,0,0,0,0,0
373,Brazil,1983-03-13,N/A,0,0,0,0,0
374,USA,1983-03-27,Sunny and warm with temperatures reaching up to 65.8 °F (18.8 °C); wind speeds approaching speeds up to 9.9 miles per hour (15.9 km/h)[1],11,0,0,0,0
375,France,1983-04-17,N/A,0,0,0,0,0
376,Italy,1983-05-01,N/A,0,0,0,0,0
377,Monaco,1983-05-15,Wet track at the start,0,0,0,11,0
378,Belgium,1983-05-22,N/A,0,0,0,0,0
379,USA,1983-06-05,Sunny and warm with temperatures reaching up to 76.8 °F (24.9 °C); wind speeds up to 11.3 miles per hour (18.2 km/h)[1],11,0,0,0,0
380,Canada,1983-06-12,Warm with temperatures approaching 30 °C (86 °F); wind speeds up to 15 kilometres per hour (9.3 mph)[1],11,0,0,0,0
381,UK,1983-07-16,N/A,0,0,0,0,0
382,Germany,1983-08-07,Dry,0,0,11,0,0
383,Austria,1983-08-14,Dry,0,0,11,0,0
384,Netherlands,1983-08-28,Cloudy,0,0,0,0,11
385,Italy,1983-09-11,Dry,0,0,11,0,0
386,UK,1983-09-25,Dry,0,0,11,0,0
387,South Africa,1983-10-15,Dry,0,0,11,0,0
388,Brazil,1984-03-25,Dry,0,0,11,0,0
389,South Africa,1984-04-07,Dry,0,0,11,0,0
390,Belgium,1984-04-29,N/A,0,0,0,0,0
391,Italy,1984-05-06,N/A,0,0,0,0,0
392,France,1984-05-20,Dry,0,0,11,0,0
393,Monaco,1984-06-03,Heavy rain and spray,0,0,0,11,0
394,Canada,1984-06-17,Dry with temperatures approaching 26 °C (79 °F); wind speeds up to 12.9 kilometres per hour (8.0 mph)[1],0,0,11,0,0
395,USA,1984-06-24,Sunny and warm with temperatures reaching up to 77.9 °F (25.5 °C); wind speeds up to 11.3 miles per hour (18.2 km/h)[1],11,0,0,0,0
396,USA,1984-07-08,Sunny with temperatures reaching up to 100 °F (38 °C); wind speeds approaching speeds up to 14 miles per hour (23 km/h)[1],11,0,0,0,0
397,UK,1984-07-22,N/A,0,0,0,0,0
398,Germany,1984-08-05,Dry,0,0,11,0,0
399,Austria,1984-08-19,Dry,0,0,11,0,0
400,Netherlands,1984-08-26,Sunny,11,0,0,0,0
401,Italy,1984-09-09,Dry,0,0,11,0,0
402,Germany,1984-10-07,Sunny,11,0,0,0,0
403,Portugal,1984-10-21,Dry,0,0,11,0,0
404,Brazil,1985-04-07,Dry,0,0,11,0,0
405,Portugal,1985-04-21,"Overcast, Cold, Rain",0,0,0,11,0
406,Italy,1985-05-05,N/A,0,0,0,0,0
407,Monaco,1985-05-19,Dry,0,0,11,0,0
408,Canada,1985-06-16,Sunny with temperatures approaching 20.5 °C (68.9 °F); wind speeds up to 12.9 kilometres per hour (8.0 mph)[1],11,0,0,0,0
409,USA,1985-06-23,Clear and cool with temperatures reaching up to 80.1 °F (26.7 °C); wind speeds up to 23 miles per hour (37 km/h)[1],11,11,0,0,0
410,France,1985-07-07,N/A,0,0,0,0,0
411,UK,1985-07-21,"Cool, overcast",0,0,0,0,11
412,Germany,1985-08-04,N/A,0,0,0,0,0
413,Austria,1985-08-18,Dry,0,0,11,0,0
414,Netherlands,1985-08-25,Sunny,11,0,0,0,0
415,Italy,1985-09-08,Dry,0,0,11,0,0
416,Belgium,1985-09-15,"Wet/Dry, drying up in later stages",0,0,0,0,0
417,UK,1985-10-06,N/A,0,0,0,0,0
418,South Africa,1985-10-19,Dry,0,0,11,0,0
419,Australia,1985-11-03,Sunny,11,0,0,0,0
420,Brazil,1986-03-23,N/A,0,0,0,0,0
421,Spain,1986-04-13,"Warm, dry and sunny",11,0,11,0,0
422,Italy,1986-04-27,"Overcast, warm",11,0,0,0,0
423,Monaco,1986-05-11,"Sunny, mild, dry",0,0,11,0,0
424,Belgium,1986-05-25,Dry,0,0,11,0,0
425,Canada,1986-06-15,Dry with temperatures approaching 25 °C (77 °F); wind speeds up to 20.5 km/h (12.7 mph)[1],0,0,11,0,0
426,USA,1986-06-22,Cloudy and hot with temperatures reaching up to 91 °F (33 °C); wind speeds up to 23 miles per hour (37 km/h)[1],11,0,0,0,11
427,France,1986-07-06,Dry,0,0,11,0,0
428,UK,1986-07-13,N/A,0,0,0,0,0
429,Germany,1986-07-27,Dry,0,0,11,0,0
430,Hungary,1986-08-10,N/A,0,0,0,0,0
431,Austria,1986-08-17,Dry,0,0,11,0,0
432,Italy,1986-09-07,Dry,0,0,11,0,0
433,Portugal,1986-09-21,Dry,0,0,11,0,0
434,Mexico,1986-10-12,Sunny and hot,11,0,0,0,0
435,Australia,1986-10-26,Sunny,11,0,0,0,0
436,Brazil,1987-04-12,Sunny,11,0,0,0,0
437,Italy,1987-05-03,"Sunny, warm",11,0,0,0,0
438,Belgium,1987-05-17,N/A,0,0,0,0,0
439,Monaco,1987-05-31,Sunny and warm,11,0,0,0,0
440,USA,1987-06-21,Clear with rain showers later on; temperatures reaching up to 78.1 °F (25.6 °C); wind speeds up to 19.6 miles per hour (31.5 km/h)[1],11,0,0,11,0
441,France,1987-07-05,N/A,0,0,0,0,0
442,UK,1987-07-12,Sunny and warm,11,0,0,0,0
443,Germany,1987-07-26,N/A,0,0,0,0,0
444,Hungary,1987-08-09,Dry,0,0,11,0,0
445,Austria,1987-08-16,Dry,0,0,11,0,0
446,Italy,1987-09-06,Dry,0,0,11,0,0
447,Portugal,1987-09-20,Dry,0,0,11,0,0
448,Spain,1987-09-27,Sunny and hot,11,0,0,0,0
449,Mexico,1987-10-18,N/A,0,0,0,0,0
450,Japan,1987-11-01,Dry,0,0,11,0,0
451,Australia,1987-11-15,Sunny,11,0,0,0,0
452,Brazil,1988-04-03,Cloudy and hot,11,0,0,0,11
453,Italy,1988-05-01,"Sunny, warm",11,0,0,0,0
454,Monaco,1988-05-15,Warm and dry,11,0,11,0,0
455,Mexico,1988-05-29,Sunny and hot,11,0,0,0,0
456,Canada,1988-06-12,Sunny and hot with temperatures up to 29 °C (84 °F); wind speeds up to 19 kilometres per hour (12 mph)[1],11,0,0,0,0
457,USA,1988-06-19,Warm and sunny with temperatures up to 91.9 °F (33.3 °C); wind speeds up to 11.1 miles per hour (17.9 km/h)[1],11,0,0,0,0
458,France,1988-07-03,Sunny and hot,11,0,0,0,0
459,UK,1988-07-10,Wet and cool,0,11,0,11,0
460,Germany,1988-07-24,Wet and cool,0,11,0,11,0
461,Hungary,1988-08-07,Sunny and hot,11,0,0,0,0
462,Belgium,1988-08-28,N/A,0,0,0,0,0
463,Italy,1988-09-11,Sunny and hot,11,0,0,0,0
464,Portugal,1988-09-25,Sunny and hot,11,0,0,0,0
465,Spain,1988-10-02,Sunny and hot,11,0,0,0,0
466,Japan,1988-10-30,"Cool and mainly dry, some rain toward the end",0,11,0,11,0
467,Australia,1988-11-13,N/A,0,0,0,0,0
468,Brazil,1989-03-26,"Very hot, dry, sunny",11,0,0,0,0
469,Italy,1989-04-23,N/A,0,0,0,0,0
470,Monaco,1989-05-07,"Warm, dry, sunny",11,0,0,0,0
471,Mexico,1989-05-28,"Hot, dry, partly sunny 25°C/79°F, 40% Humidity, wind NW-10mph",11,0,0,0,0
472,USA,1989-06-04,"Hot, sunny, 36C (97F) [1]",0,0,0,0,0
473,Canada,1989-06-18,Cool and rainy with temperatures approaching 24 °C (75 °F); wind speeds up to 17.9 kilometres per hour (11.1 mph)[1],0,11,0,11,0
474,France,1989-07-09,N/A,0,0,0,0,0
475,UK,1989-07-16,"Warm, dry, sunny",11,0,0,0,0
476,Germany,1989-07-30,"Warm, cloudy",0,0,0,0,11
477,Hungary,1989-08-13,N/A,0,0,0,0,0
478,Belgium,1989-08-27,N/A,0,0,0,0,0
479,Italy,1989-09-10,"Hot, dry, sunny",11,0,0,0,0
480,Portugal,1989-09-24,"Hot, dry, sunny",11,0,0,0,0
481,Spain,1989-10-01,"Dry, hot, sunny",11,0,0,0,0
482,Japan,1989-10-22,"Dry, warm, cloudy",0,0,0,0,11
483,Australia,1989-11-05,N/A,0,0,0,0,0
484,USA,1990-03-11,Cloudy and cool with temperatures reaching up to 18 °C (64 °F)[1],0,11,0,0,11
485,Brazil,1990-03-25,"Hot, dry, sunny",11,0,0,0,0
486,Italy,1990-05-13,"Warm, dry, sunny",11,0,0,0,0
487,Monaco,1990-05-27,"Warm, dry, sunny",11,0,0,0,0
488,Canada,1990-06-10,Warm and cloudy with temperatures approaching 19.8 °C (67.6 °F); wind speeds up to 27.8 kilometres per hour (17.3 mph)[1],11,0,0,0,11
489,Mexico,1990-06-24,Overcast21 °C (70 °F)[1],0,0,0,0,0
490,France,1990-07-08,N/A,0,0,0,0,0
491,UK,1990-07-15,N/A,0,0,0,0,0
492,Germany,1990-07-29,"Hot, dry, sunny",11,0,0,0,0
493,Hungary,1990-08-12,Dry,0,0,11,0,0
494,Belgium,1990-08-26,N/A,0,0,0,0,0
495,Italy,1990-09-09,"Hot, dry, sunny",11,0,0,0,0
496,Portugal,1990-09-23,N/A,0,0,0,0,0
497,Spain,1990-09-30,"Dry, hot, sunny",11,0,0,0,0
498,Japan,1990-10-21,Sunny,11,0,0,0,0
499,Australia,1990-11-04,Sunny,11,0,0,0,0
500,USA,1991-03-10,Overcast25 °C (77 °F)[1],0,0,0,0,0
501,Brazil,1991-03-24,"Cloudy at start, rainy later. Ambient temperature: 29.4°C (85°F).Humidity: 95%.Wind speed: 33.7 km/h (21 mph).",0,0,0,11,11
502,Italy,1991-04-28,"Wet at start, dry by finish",0,0,11,11,0
503,Monaco,1991-05-12,N/A,0,0,0,0,0
504,Canada,1991-06-02,Mild with temperatures approaching 25 °C (77 °F); wind speeds up to 12 kilometres per hour (7.5 mph)[1],11,0,0,0,0
505,Mexico,1991-06-16,Mostly Cloudy24 °C (75 °F)[1],0,0,0,0,0
506,France,1991-07-07,N/A,0,0,0,0,0
507,UK,1991-07-14,"Hot, dry, sunny",11,0,0,0,0
508,Germany,1991-07-28,Hot and sunny,11,0,0,0,0
509,Hungary,1991-08-11,"Hot dry, sunny",11,0,0,0,0
510,Belgium,1991-08-25,N/A,0,0,0,0,0
511,Italy,1991-09-08,Sunny and warm,11,0,0,0,0
512,Portugal,1991-09-22,Sunny and warm,11,0,0,0,0
513,Spain,1991-09-29,"Warm and overcast, drying",11,0,0,0,0
514,Japan,1991-10-20,"Sunny, warm",11,0,0,0,0
515,Australia,1991-11-03,Torrential rain,0,0,0,11,0
516,South Africa,1992-03-01,"Hot, dry and dull",0,0,11,0,0
517,Mexico,1992-03-22,Scattered Clouds27 °C (81 °F)[1],0,0,0,0,0
518,Brazil,1992-04-05,Dry,0,0,11,0,0
519,Spain,1992-05-03,"Dry at start, wet later",0,0,11,11,0
520,Italy,1992-05-17,Sunny,11,0,0,0,0
521,Monaco,1992-05-31,Dry,0,0,11,0,0
522,Canada,1992-06-14,Dry with temperatures reaching up to 25 °C (77 °F); wind speeds up to 14 kilometres per hour (8.7 mph)[1],0,0,11,0,0
523,France,1992-07-05,N/A,0,0,0,0,0
524,UK,1992-07-12,Dry,0,0,11,0,0
525,Germany,1992-07-26,Dry,0,0,11,0,0
526,Hungary,1992-08-16,Dry,0,0,11,0,0
527,Belgium,1992-08-30,N/A,0,0,0,0,0
528,Italy,1992-09-13,Sunny and warm,11,0,0,0,0
529,Portugal,1992-09-27,"Dry, sunny, windy",0,0,0,0,0
530,Japan,1992-10-25,"Dry, warm, cloudy",0,0,0,0,11
531,Australia,1992-11-08,Cloudy,0,0,0,0,11
532,South Africa,1993-03-14,N/A,0,0,0,0,0
533,Brazil,1993-03-28,Dry first then torrential rain; later drying and staying dry for the rest of the race,0,0,11,0,0
534,UK,1993-04-11,"Very cold, rain with dry spells",0,0,11,11,0
535,Italy,1993-04-25,"Wet at start, dry later",0,0,11,11,0
536,Spain,1993-05-09,Sunny,11,0,0,0,0
537,Monaco,1993-05-23,"Partly cloudy, mild, dry",0,0,11,0,0
538,Canada,1993-06-13,Temperatures reaching up to 29 °C (84 °F); wind speeds up to 18.3 kilometres per hour (11.4 mph)[1],0,0,0,0,0
539,France,1993-07-04,N/A,0,0,0,0,0
540,UK,1993-07-11,Dry,0,0,11,0,0
541,Germany,1993-07-25,N/A,0,0,0,0,0
542,Hungary,1993-08-15,N/A,0,0,0,0,0
543,Belgium,1993-08-29,N/A,0,0,0,0,0
544,Italy,1993-09-12,Hot and sunny,11,0,0,0,0
545,Portugal,1993-09-26,"Dry, sunny, windy",0,0,0,0,0
546,Japan,1993-10-24,"Dry/wet, warm, cloudy",0,0,0,0,11
547,Australia,1993-11-07,Sunny,11,0,0,0,0
548,Brazil,1994-03-27,Sunny,11,0,0,0,0
549,Japan,1994-04-17,Sunny,11,0,0,0,0
550,Italy,1994-05-01,Sunny,11,0,0,0,0
551,Monaco,1994-05-15,Sunny,11,0,0,0,0
552,Spain,1994-05-29,Sunny,11,0,0,0,0
553,Canada,1994-06-12,Temperatures approaching 26.3 °C (79.3 °F); wind speeds up to 21 kilometres per hour (13 mph)[1],0,0,0,0,0
554,France,1994-07-03,Sunny,11,0,0,0,0
555,UK,1994-07-10,Sunny,11,0,0,0,0
556,Germany,1994-07-31,N/A,0,0,0,0,0
557,Hungary,1994-08-14,Sunny,11,0,0,0,0
558,Belgium,1994-08-28,N/A,0,0,0,0,0
559,Italy,1994-09-11,Sunny,11,0,0,0,0
560,Portugal,1994-09-25,Sunny,11,0,0,0,0
561,Spain,1994-10-16,Sunny,11,0,0,0,0
562,Japan,1994-11-06,N/A,0,0,0,0,0
563,Australia,1994-11-13,Sunny,11,0,0,0,0
564,Brazil,1995-03-26,Overcast,0,0,0,0,11
565,Argentina,1995-04-09,Cloudy,0,0,0,0,11
566,Italy,1995-04-30,"Heavy rain before the start, before brightening up",0,0,0,11,0
567,Spain,1995-05-14,Sunny,11,0,0,0,0
568,Monaco,1995-05-28,"Warm, sunny",11,0,0,0,0
569,Canada,1995-06-11,"Cloudy at start, sunny later with temperatures reaching up to 24.3 °C (75.7 °F); wind speeds up to 8 kilometres per hour (5.0 mph)[1]",11,0,0,0,11
570,France,1995-07-02,"Cloudy, light drizzle at times",0,0,0,0,0
571,UK,1995-07-16,"Warm, cloudy, windy",0,0,0,0,0
572,Germany,1995-07-30,"Sunny, 28°C",0,0,0,0,0
573,Hungary,1995-08-13,Sunny,11,0,0,0,0
574,Belgium,1995-08-27,N/A,0,0,0,0,0
575,Italy,1995-09-10,Sunny,11,0,0,0,0
576,Portugal,1995-09-24,Sunny,11,0,0,0,0
577,Germany,1995-10-01,"Rain, later dried out, air temperature 11 °C (52 °F)",0,0,0,0,0
578,Japan,1995-10-22,"Cloudy, dry",0,0,11,0,0
579,Japan,1995-10-29,"Rain, later dried out",0,0,0,0,0
580,Australia,1995-11-12,Sunny[2],0,0,0,0,0
581,Australia,1996-03-10,Dry with temperatures reaching up to 23 °C (73 °F)[1],0,0,11,0,0
582,Brazil,1996-03-31,N/A,0,0,0,0,0
583,Argentina,1996-04-07,Dry with temperatures reaching up to 21 °C (70 °F)[1],0,0,11,0,0
584,Germany,1996-04-28,"Cloudy, but dry",0,0,11,0,0
585,Italy,1996-05-05,Sunny,11,0,0,0,0
586,Monaco,1996-05-19,"Overcast, mild, wet at first, drying later, light rain at finish",0,0,0,11,0
587,Spain,1996-06-02,Rain,0,0,0,11,0
588,Canada,1996-06-16,N/A,0,0,0,0,0
589,France,1996-06-30,Dry,0,0,11,0,0
590,UK,1996-07-14,Warm and sunny with temperatures reaching up to 25 °C (77 °F)[1],11,0,0,0,0
591,Germany,1996-07-28,"Sunny, dry",0,0,11,0,0
592,Hungary,1996-08-11,Sunny with temperatures reaching up to 27 °C (81 °F)[1],11,0,0,0,0
593,Belgium,1996-08-25,N/A,0,0,0,0,0
594,Italy,1996-09-08,Dry,0,0,11,0,0
595,Portugal,1996-09-22,Mostly sunny with ambient temperatures reaching 25 °C during the day.,11,0,0,0,0
596,Japan,1996-10-13,"Sunny, mild and dry",11,0,11,0,0
597,Australia,1997-03-09,"Partly Cloudy, Dry",0,0,11,0,0
598,Brazil,1997-03-30,Overcast and dry with temperatures reaching up to 23 °C (73 °F)[1],0,0,11,0,11
599,Argentina,1997-04-13,"Partially cloudy and dry, with temperatures reaching up to 21 °C (70 °F)[1]",0,0,0,0,11
600,Italy,1997-04-27,"Cloudy, Dry, 17 °C",0,0,0,0,0
601,Monaco,1997-05-11,"Overcast, cold and rain, air temperature 11C or 51F",0,11,0,0,0
602,Spain,1997-05-25,Clear,11,0,0,0,0
603,Canada,1997-06-15,Clear and mild with temperatures approaching 22.7 °C (72.9 °F); wind speeds up to 4.1 kilometres per hour (2.5 mph)[1],11,0,0,0,0
604,France,1997-06-29,N/A,0,0,0,0,0
605,UK,1997-07-13,"Sunny, Dry Track",0,0,11,0,0
606,Germany,1997-07-27,"Sunny, dry track",0,0,11,0,0
607,Hungary,1997-08-10,"Sunny, Dry Track, 27°C",0,0,11,0,0
608,Belgium,1997-08-24,"Wet, then drying out with temperatures reaching up to 28 °C (82 °F)[1]",0,0,0,0,0
609,Italy,1997-09-07,Dry with temperatures reaching up to 29 °C (84 °F)[1],0,0,11,0,0
610,Austria,1997-09-21,Sunny,11,0,0,0,0
611,Germany,1997-09-28,"Partially cloudy, mild and dry",11,0,11,0,0
612,Japan,1997-10-12,Sunny[1],0,0,0,0,0
613,Spain,1997-10-26,Sunny with temperatures reaching up to 25 °C (77 °F)[1],11,0,0,0,0
614,Australia,1998-03-08,"Clear with maximum temperatures reaching 24 degrees at the start, increasing to 30 degrees by the end of the race.",11,0,0,0,0
615,Brazil,1998-03-29,"Mostly cloudy, 31 °C (88 °F)",0,0,0,0,0
616,Argentina,1998-04-12,N/A,0,0,0,0,0
617,Italy,1998-04-26,"Sunny, 25 °C",0,0,0,0,0
618,Spain,1998-05-10,Sunny and warm,11,0,0,0,0
619,Monaco,1998-05-24,Hot and sunny with temperatures reaching up to 22 °C (72 °F)[1],11,0,0,0,0
620,Canada,1998-06-07,Cool and overcast with air temperatures reaching up to 16 °C (61 °F); wind speeds up to 2.9 kilometres per hour (1.8 mph) reported[1],0,11,0,0,11
621,France,1998-06-28,"Sunny, warm",11,0,0,0,0
622,UK,1998-07-12,"Rain, Wet Track",0,0,0,11,0
623,Austria,1998-07-26,Sunny,11,0,0,0,0
624,Germany,1998-08-02,Cloudy but dry,0,0,11,0,11
625,Hungary,1998-08-16,"Cloudy, hot, dry, 30°C",0,0,0,0,0
626,Belgium,1998-08-30,N/A,0,0,0,0,0
627,Italy,1998-09-13,Sunny,11,0,0,0,0
628,Germany,1998-09-27,N/A,0,0,0,0,0
629,Japan,1998-11-01,Fine,11,0,0,0,0
630,Australia,1999-03-07,Sunny and dry with temperatures reaching up to 19 °C (66 °F)[1],11,0,11,0,0
631,Brazil,1999-04-11,"Sunny, hot, dry 25 °C (77 °F)[1]",0,0,11,0,0
632,Italy,1999-05-02,"Sunny, mild, dry, 23 °C",0,0,0,0,0
633,Monaco,1999-05-16,"Sunny, hot, dry",0,0,11,0,0
634,Spain,1999-05-30,"Cloudy, hot, dry 22 °C (72 °F)[1]",0,0,11,0,0
635,Canada,1999-06-13,Hot with temperatures approaching 31 °C (88 °F); wind speeds up to 5.1 kilometres per hour (3.2 mph)[1] Track 41–43 °C (106–109 °F),11,0,0,0,0
636,France,1999-06-27,"Overcast, mild, dry at first, rain later on",0,0,11,11,0
637,UK,1999-07-11,"Sunny, mild, dry",0,0,11,0,0
638,Austria,1999-07-25,"Overcast, mild, dry",0,0,11,0,0
639,Germany,1999-08-01,"Partially cloudy, very hot, dry",0,0,11,0,0
640,Hungary,1999-08-15,"Partially cloudy, hot, dry, Air: 25 °C (77 °F), Track 37 °C (99 °F)",0,0,0,0,0
641,Belgium,1999-08-29,"Partially cloudy, mild, dry",0,0,11,0,0
642,Italy,1999-09-12,Hot and dry with temperatures reaching up to 30 °C (86 °F)[1],11,0,11,0,0
643,Germany,1999-09-26,N/A,0,0,0,0,0
644,Malaysia,1999-10-17,"Cloudy, hot, dry",0,0,11,0,0
645,Japan,1999-10-31,"Overcast, mild, dry",0,0,11,0,0
646,Australia,2000-03-12,"Sunny,[2] Air Temp: 20 °C",0,0,0,0,0
647,Brazil,2000-03-26,"Sunny, Air: 22 °C (72 °F), Track: 35 °C (95 °F)",0,0,0,0,0
648,Italy,2000-04-09,"Overcast, Mild, Dry, 16 °C",0,0,0,0,0
649,UK,2000-04-23,"Sunny, mild, dry, Air Temp: 10 °C (50 °F)",0,0,0,0,0
650,Spain,2000-05-07,"Sunny, Mild, Dry",0,0,11,0,0
651,Germany,2000-05-21,"Dry at first, rain later on, Air: 11 °C (52 °F), Track: 12 °C (54 °F)",0,0,11,11,0
652,Monaco,2000-06-04,Sunny,11,0,0,0,0
653,Canada,2000-06-18,"Cloudy and raining; Air 17 °C (63 °F), Track 21 °C (70 °F)",0,0,0,0,11
654,France,2000-07-02,"Sunny, dry, Air Temp: 27°C",0,0,0,0,0
655,Austria,2000-07-16,"Partially cloudy, dry",0,0,11,0,0
656,Germany,2000-07-30,Dry/Wet,0,0,0,0,0
657,Hungary,2000-08-13,"Partially cloudy, very hot, dry",0,0,11,0,0
658,Belgium,2000-08-27,"Wet at start, drying, Air & track temperature; 15 °C (59 °F)",0,0,0,11,0
659,Italy,2000-09-10,Sunny with temperatures reaching up to 29 °C (84 °F)[3],11,0,0,0,0
660,USA,2000-09-24,"Cloudy, drying, Air 12 °C (54 °F), Track 14 °C (57 °F)",0,0,0,0,0
661,Japan,2000-10-08,Dry/wet,0,0,0,0,0
662,Malaysia,2000-10-22,"Overcast, Very hot, Dry",0,0,11,0,0
663,Australia,2001-03-04,"Cloudy, sunny later",11,0,0,0,0
664,Malaysia,2001-03-18,"Rain and Thunderstorms at start, dry later; Air Temp at start: 32 °C (90 °F)",0,0,11,11,0
665,Brazil,2001-04-01,N/A,0,0,0,0,0
666,Italy,2001-04-15,N/A,0,0,0,0,0
667,Spain,2001-04-29,"Overcast, Mild, Dry, Air Temp: 18°C",0,0,0,0,0
668,Austria,2001-05-13,"Sunny, Air: 18 to 19 °C (64 to 66 °F), Track 18 to 32 °C (64 to 90 °F)",0,0,0,0,0
669,Monaco,2001-05-27,"Warm and Sunny, Air Temp: 23 °C (73 °F), Track 36 to 39 °C (97 to 102 °F)",11,0,0,0,0
670,Canada,2001-06-10,Sunny,11,0,0,0,0
671,Germany,2001-06-24,"Sunny, mild, dry, Air Temp: 21°C",0,0,0,0,0
672,France,2001-07-01,Sunny,11,0,0,0,0
673,UK,2001-07-15,"Partially cloudy, mild, dry, Air Temp: 16 °C (61 °F), Track 27 °C (81 °F)",0,0,0,0,0
674,Germany,2001-07-29,"Partially cloudy, very hot, dry",0,0,11,0,0
675,Hungary,2001-08-19,"Hot, dry and partially cloudy",0,0,11,0,11
676,Belgium,2001-09-02,"Overcast, mild, dry, Air Temp: 12 to 16 °C (54 to 61 °F)",0,0,0,0,0
677,Italy,2001-09-16,"Sunny, partly cloudy, Air: 19 to 20 °C (66 to 68 °F), Track 26 °C (79 °F)",0,0,0,0,0
678,USA,2001-09-30,N/A,0,0,0,0,0
679,Japan,2001-10-14,"Cloudy, Mild, Dry, Air Temp: 24°C",0,0,0,0,0
680,Australia,2002-03-03,"Cloudy at start, clearing to sunny skies.",11,0,0,0,11
681,Malaysia,2002-03-17,"Partially cloudy, hot and dry",11,0,11,0,0
682,Brazil,2002-03-31,"Clear, Air Temp: 30°C",0,0,0,0,0
683,Italy,2002-04-14,"Scattered thunderstorms, but remaining dry. Air Temp: 18°C",0,0,0,0,0
684,Spain,2002-04-28,"Clear, Air Temp: 20°C",0,0,0,0,0
685,Austria,2002-05-12,"Clear, Air Temp: 20°C",0,0,0,0,0
686,Monaco,2002-05-26,"Fine, Air Temp: 22°C",0,0,0,0,0
687,Canada,2002-06-09,Mostly fine and humid with temperatures reaching a maximum of 24.1 °C (75.4 °F); wind speeds up to 8 kilometres per hour (5.0 mph)[1],11,0,0,0,0
688,Germany,2002-06-23,"Mainly Fine, Air Temp: 18°C",0,0,0,0,0
689,UK,2002-07-07,"Dry/Wet, Air Temp: 21°C",0,0,0,0,0
690,France,2002-07-21,"Warm and sunny, Air Temp: 25°C",11,0,0,0,0
691,Germany,2002-07-28,"Fine, Air Temp: 28°C",0,0,0,0,0
692,Hungary,2002-08-18,"Partially cloudy, hot and sunny, Air Temp: 28 °C (82 °F)[1]",11,0,0,0,0
693,Belgium,2002-09-01,"Cloudy, Air: 17 °C (63 °F), Track 25 °C (77 °F)[1]",0,0,0,0,0
694,Italy,2002-09-15,"Sunny, hot, dry 23°C",0,0,11,0,0
695,USA,2002-09-29,Sunny with temperatures reaching up to 80.1 °F (26.7 °C); wind speeds approaching a maximum of 10.1 miles per hour (16.3 km/h)[1] Track 93 °F (34 °C),11,0,0,0,0
696,Japan,2002-10-13,"Sunny, Air: 26 °C (79 °F), Track 30 °C (86 °F)",0,0,0,0,0
697,Australia,2003-03-09,N/A,0,0,0,0,0
698,Malaysia,2003-03-23,"Fine, air temperature 34°C (93°F)",0,0,0,0,0
699,Brazil,2003-04-06,Rainy: 20 °C (68 °F),0,0,0,0,0
700,Italy,2003-04-20,Mostly cloudy with maximum ambient temperatures reaching 13 degrees during the day.,0,0,0,0,11
701,Spain,2003-05-04,Clear,11,0,0,0,0
702,Austria,2003-05-18,Mostly cloudy with isolated showers in the area,0,0,0,11,11
703,Monaco,2003-06-01,Fine,11,0,0,0,0
704,Canada,2003-06-15,Partly cloudy and mild with temperatures reaching a maximum of 19.3 °C (66.7 °F); wind speeds up to 12.9 kilometres per hour (8.0 mph)[1],11,0,0,0,11
705,Germany,2003-06-29,Mostly cloudy with maximum ambient temperatures reaching 25 degrees celsius during the day.,0,0,0,0,11
706,France,2003-07-06,"Cloudy, Air: 26 °C (79 °F), Track 35 °C (95 °F)",0,0,0,0,0
707,UK,2003-07-20,"Sunny at start, cloudy later, Air: 24 °C (75 °F), Track 29 °C (84 °F)",11,0,0,0,11
708,Germany,2003-08-03,Fine,11,0,0,0,0
709,Hungary,2003-08-24,N/A,0,0,0,0,0
710,Italy,2003-09-14,Sunny,11,0,0,0,0
711,USA,2003-09-28,Scattered showers with temperatures up to 69.1 °F (20.6 °C); wind speeds up to 14 miles per hour (23 km/h)[1],0,0,0,11,0
712,Japan,2003-10-12,"Cloudy, Air: 22 °C (72 °F), Track 25 °C (77 °F)",0,0,0,0,0
713,Australia,2004-03-07,Dry & cloudyAir Temp 20 °C (68 °F),0,0,11,0,0
714,Malaysia,2004-03-21,"Dry, light rain at the startAir Temp 34 °C (93 °F)",0,0,0,11,0
715,Bahrain,2004-04-04,"Warm, dry and overcast",0,0,11,0,11
716,Italy,2004-04-25,N/A,0,0,0,0,0
717,Spain,2004-05-09,Clear,11,0,0,0,0
718,Monaco,2004-05-23,N/A,0,0,0,0,0
719,Germany,2004-05-30,"Cloudy at start, sunny later",11,0,0,0,11
720,Canada,2004-06-13,N/A,0,0,0,0,0
721,USA,2004-06-20,N/A,0,0,0,0,0
722,France,2004-07-04,Sunny,11,0,0,0,0
723,UK,2004-07-11,"Cloudy, Air: 17 °C (63 °F), Track 27 °C (81 °F)",0,0,0,0,0
724,Germany,2004-07-25,Sunny,11,0,0,0,0
725,Hungary,2004-08-15,"Warm, dry and sunny, Air: 26 °C (79 °F), Track 42 °C (108 °F)",0,0,11,0,0
726,Belgium,2004-08-29,Dry with temperatures reaching up to 15 °C (59 °F)[1],0,0,11,0,0
727,Italy,2004-09-12,"Wet track at the start, dry later on",0,0,11,11,0
728,China,2004-09-26,Sunny with temperatures reaching up to 27 °C (81 °F)[1],11,0,0,0,0
729,Japan,2004-10-10,Sunny,11,0,0,0,0
730,Brazil,2004-10-24,Dry/Wet,0,0,0,0,0
731,Australia,2005-03-06,"Cool, partly cloudy",0,0,0,0,11
732,Malaysia,2005-03-20,"Fine, Air: 34–36°C (93–97°F) and Track: 44–50°C (111–122°F)",0,0,0,0,0
733,Bahrain,2005-04-03,"Sunny, 42 °C (108 °F)[1]",0,0,0,0,0
734,Italy,2005-04-24,Warm and cloudy,11,0,0,0,11
735,Spain,2005-05-08,"Sunny, warm",11,0,0,0,0
736,Monaco,2005-05-22,Fine,11,0,0,0,0
737,Germany,2005-05-29,"Partly cloudy, hot and dry",11,0,11,0,0
738,Canada,2005-06-12,Cloudy and hot with temperatures approaching 32.5 °C (90.5 °F); wind speeds up to 5.1 kilometres per hour (3.2 mph)[1] Track 43–47 °C (109–117 °F),11,0,0,0,11
739,USA,2005-06-19,"Cloudy, temperatures up to 77 °F (25 °C); wind speeds up to 11.1 miles per hour (17.9 km/h)[4]",0,0,0,0,0
740,France,2005-07-03,"Sunny, Air: 32 °C (90 °F), Track 53 °C (127 °F)",0,0,0,0,0
741,UK,2005-07-10,N/A,0,0,0,0,0
742,Germany,2005-07-24,N/A,0,0,0,0,0
743,Hungary,2005-07-31,"Sunny, Air: 34 °C (93 °F), Track 45 °C (113 °F)",0,0,0,0,0
744,Turkey,2005-08-21,Sunny; 30°C Air; 45°C Track,0,0,0,0,0
745,Italy,2005-09-04,N/A,0,0,0,0,0
746,Belgium,2005-09-11,N/A,0,0,0,0,0
747,Brazil,2005-09-25,"Cloudy, dry, Air: 23 °C (73 °F), Track 22 °C (72 °F)",0,0,0,0,0
748,Japan,2005-10-09,Partially cloudy and dry with temperatures reaching up to 25 °C (77 °F)[1],0,0,11,0,11
749,China,2005-10-16,Sunny,11,0,0,0,0
750,Bahrain,2006-03-12,"Fine, Dry and HotAir Temp 23 °C (73 °F)[1]Track Temp 40 °C (104 °F)[1] dropping to 34 °C (93 °F)",0,0,11,0,0
751,Malaysia,2006-03-19,"Fine, Air Temp: 33°C, Wind Speed: 1.5 m/s, Humidity: 61%",0,0,0,0,0
752,Australia,2006-04-02,Cloudy with sunny breaks. Air temperature 20°C,11,0,0,0,11
753,Italy,2006-04-23,Sunny,11,0,0,0,0
754,Germany,2006-05-07,N/A,0,0,0,0,0
755,Spain,2006-05-14,Sunny,11,0,0,0,0
756,Monaco,2006-05-28,Fine,11,0,0,0,0
757,UK,2006-06-11,Sunny,11,0,0,0,0
758,Canada,2006-06-25,Sunny and warm with temperatures reaching up to 28 °C (82 °F); wind speeds up to 4.1 kilometres per hour (2.5 mph)[1],11,0,0,0,0
759,USA,2006-07-02,"Sunny, hot",11,0,0,0,0
760,France,2006-07-16,N/A,0,0,0,0,0
761,Germany,2006-07-30,"Sunny, warm",11,0,0,0,0
762,Hungary,2006-08-06,Cool and rainy with temperatures reaching up to 20 °C (68 °F)[1],0,11,0,11,0
763,Turkey,2006-08-27,"Sunny, hot",11,0,0,0,0
764,Italy,2006-09-10,Warm and sunny with temperatures reaching up to 27 °C (81 °F)[1],11,0,0,0,0
765,China,2006-10-01,"Cloudy, wet track that progressively dried up.Rainy during the last few laps.",0,0,0,11,0
766,Japan,2006-10-08,Fine,11,0,0,0,0
767,Brazil,2006-10-22,Temperatures reaching up to 23 °C (73 °F)[1],0,0,0,0,0
768,Australia,2007-03-18,Clear with temperatures reaching up to 21 °C (70 °F)[1],11,0,0,0,0
769,Malaysia,2007-04-08,Sunny[1],0,0,0,0,0
770,Bahrain,2007-04-15,"Sunny, dry, windy",0,0,0,0,0
771,Spain,2007-05-13,Sunny and warm,11,0,0,0,0
772,Monaco,2007-05-27,"Cloudy, air temp 24–27 °C (75–81 °F), track temp 33–42 °C (91–108 °F)",0,0,0,0,0
773,Canada,2007-06-10,Warm with temperatures approaching 26 °C (79 °F); wind speeds up to 5.8 kilometres per hour (3.6 mph)[1],11,0,0,0,0
774,USA,2007-06-17,Warm (33C/91F) and clear,11,0,0,0,0
775,France,2007-07-01,Cloudy,0,0,0,0,11
776,UK,2007-07-08,Dry and sunny,11,0,11,0,0
777,Germany,2007-07-22,Heavy Rain on Lap 1. Drying track at restart. Light Rain before the finish.,0,0,0,11,0
778,Hungary,2007-08-05,"Sunny, temperatures reaching up to 27 °C (81 °F)[1]",0,0,0,0,0
779,Turkey,2007-08-26,Sunny,11,0,0,0,0
780,Italy,2007-09-09,Sunny,11,0,0,0,0
781,Belgium,2007-09-16,"Partly cloudy, mild and dry",11,0,11,0,0
782,Japan,2007-09-30,N/A,0,0,0,0,0
783,China,2007-10-07,Light Rain at the start before drying out. Light rain in the middle of the race before drying.,0,0,0,11,0
784,Brazil,2007-10-21,"37 °C (Air), 63 °C (Track)",0,0,0,0,0
785,Australia,2008-03-16,"Sunny,very hot with air temperature 39°C.",11,0,0,0,0
786,Malaysia,2008-03-23,"Sunny, partly cloudy",0,0,0,0,11
787,Bahrain,2008-04-06,Dry,0,0,11,0,0
788,Spain,2008-04-27,Sunny,11,0,0,0,0
789,Turkey,2008-05-11,Sunny with temperatures reaching up to 17 °C (63 °F)[3],11,0,0,0,0
790,Monaco,2008-05-25,"Wet, drying later.",0,0,0,0,0
791,Canada,2008-06-08,Hot with temperatures approaching 31 °C (88 °F); wind speeds up to 8.9 kilometres per hour (5.5 mph)[1],11,0,0,0,0
792,France,2008-06-22,Dry at first; light rain in the final stages,0,0,11,11,0
793,UK,2008-07-06,"Rain, later drying",0,0,0,0,0
794,Germany,2008-07-20,"Cloudy, later sunny[1]",0,0,0,0,0
795,Hungary,2008-08-03,"Sunny; Air 30–31 °C (86–88 °F), Track 40–43 °C (104–109 °F)",0,0,0,0,0
796,Spain,2008-08-24,Sunny,11,0,0,0,0
797,Belgium,2008-09-07,"Cloudy, rain in last 3 laps",0,0,0,11,0
798,Italy,2008-09-14,"Heavy rain, dry towards the end",0,0,11,0,0
799,Singapore,2008-09-28,"Dry, Air Temp: 28°C, Wind Speed: 2.2m/s, Humidity: 79%",0,0,0,0,0
800,Japan,2008-10-12,Cloudy with temperatures reaching up to 17 °C (63 °F)[4],0,0,0,0,11
801,China,2008-10-19,Dry,0,0,11,0,0
802,Brazil,2008-11-02,"Rain at beginning and end, otherwise drying",0,0,0,11,0
803,Australia,2009-03-29,Sunny with temperatures reaching up to 27 °C (81 °F)[2],11,0,0,0,0
804,Malaysia,2009-04-05,"Dry start, with heavy rain and thunderstorm/monsoon later",0,0,11,11,0
805,China,2009-04-19,Rain,0,0,0,11,0
806,Bahrain,2009-04-26,Sunny,11,0,0,0,0
807,Spain,2009-05-10,"Warm, Sunny",11,0,0,0,0
808,Monaco,2009-05-24,Sunny,11,0,0,0,0
809,Turkey,2009-06-07,Sunny,11,0,0,0,0
810,UK,2009-06-21,"Dry, overcast",0,0,0,0,11
811,Germany,2009-07-12,Sunny and overcast,11,0,0,0,11
812,Hungary,2009-07-26,Sunny25 °C (77 °F)[2],0,0,0,0,0
813,Spain,2009-08-23,Hot and dry with temperatures reaching up to 33 °C (91 °F)[1],11,0,11,0,0
814,Belgium,2009-08-30,Clear but Mild,11,0,0,0,0
815,Italy,2009-09-13,Mainly sunny,11,0,0,0,0
816,Singapore,2009-09-27,Hot and Dry,11,0,11,0,0
817,Japan,2009-10-04,"Sunny, Dry",0,0,11,0,0
818,Brazil,2009-10-18,Partially cloudy and dry,0,0,11,0,11
819,UAE,2009-11-01,Dry,0,0,11,0,0
820,Bahrain,2010-03-14,N/A,0,0,0,0,0
821,Australia,2010-03-28,Overcast with light rain at start,0,0,0,11,11
822,Malaysia,2010-04-04,"Mainly cloudy, dry",0,0,11,0,0
823,China,2010-04-18,"Cloudy, rain",0,0,0,11,0
824,Spain,2010-05-09,"Mainly cloudy, dry",0,0,11,0,0
825,Monaco,2010-05-16,"Mainly cloudy, dry",0,0,11,0,0
826,Turkey,2010-05-30,Air: 28 to 29 °C (82 to 84 °F) Track: 39 to 49 °C (102 to 120 °F),0,0,0,0,0
827,Canada,2010-06-13,Warm with temperatures approaching 26 °C (79 °F); wind speeds up to 4.9 kilometres per hour (3.0 mph)[1],11,0,0,0,0
828,Spain,2010-06-27,Dry[3],0,0,0,0,0
829,UK,2010-07-11,Mainly sunny,11,0,0,0,0
830,Germany,2010-07-25,"Mainly cloudy, dry[4]",0,0,0,0,0
831,Hungary,2010-08-01,Mainly sunny28 °C (82 °F)[1],0,0,0,0,0
832,Belgium,2010-08-29,Intermittent rain,0,0,0,11,0
833,Italy,2010-09-12,Sunny,11,0,0,0,0
834,Singapore,2010-09-26,"Clear; Air temp 29 to 30 °C (84 to 86 °F), Track temp 31 °C (88 °F)[4][5]",0,0,0,0,0
835,Japan,2010-10-10,"Heavy Rain (practice), Sunny (race)",11,0,0,11,0
836,Korea,2010-10-24,"Rain; Air 20 °C (68 °F), Track 18 °C (64 °F)",0,0,0,0,0
837,Brazil,2010-11-07,Clear; 25 °C (77 °F),0,0,0,0,0
838,UAE,2010-11-14,Dry[3] Air Temp 28 °C (82 °F)[3] Track Temp 33 °C (91 °F) dropping to 29 °C (84 °F)[3],0,0,0,0,0
839,Australia,2011-03-27,N/A,0,0,0,0,0
840,Malaysia,2011-04-10,"Cloudy, dry",0,0,11,0,0
841,China,2011-04-17,N/A,0,0,0,0,0
842,Turkey,2011-05-08,"Sunny, Fine and Dry[2] Air Temp 17 °C (63 °F)[2] Track Temp 35 °C (95 °F) dropping to 30 °C (86 °F)[2]",11,0,0,0,0
843,Spain,2011-05-22,"Mainly sunny, Fine and Dry[2][3] Air Temp 27 °C (81 °F)[3] Track Temp 33 °C (91 °F) to 44 °C (111 °F)[3]",11,0,0,0,0
844,Monaco,2011-05-29,"Sunny, Fine and Dry[2]Air Temp 24 °C (75 °F)[2]Track Temp 44 °C (111 °F)[2]",11,0,0,0,0
845,Canada,2011-06-12,"Wet at start, very heavy rain later, after rain stops, track drying towards the end. Temperatures up to 27 °C (81 °F); wind speeds up to 12 kilometres per hour (7.5 mph)[2]",0,0,0,11,0
846,Spain,2011-06-26,"Clear, Fine and Dry[1][2] Air Temp 27 °C (81 °F)[2] Track Temp 47 °C (117 °F)[2]",11,0,0,0,0
847,UK,2011-07-10,Wet track at start; subsequently drying[1]Air Temp 20 °C (68 °F)[1]Track Temp 22 °C (72 °F)[1],0,0,0,11,0
848,Germany,2011-07-24,"Cloudy, (light) rain at start",0,0,0,11,0
849,Hungary,2011-07-31,"Cloudy, rain showers",0,0,0,11,0
850,Belgium,2011-08-28,"Cloudy, dry",0,0,11,0,0
851,Italy,2011-09-11,Mainly sunny,11,0,0,0,0
852,Singapore,2011-09-25,Hot and humid Air Temp 31 °C (88 °F)[1],11,0,0,0,0
853,Japan,2011-10-09,Sunny and dry Air Temp 24 °C (75 °F)[2],11,0,11,0,0
854,Korea,2011-10-16,"Dry, light rain at the start Air Temp 21 °C (70 °F)[2]",0,0,0,11,0
855,India,2011-10-30,Fine and Dry Air Temp 30 °C (86 °F)[1],11,0,11,0,0
856,UAE,2011-11-13,Fine and Dry Air Temp 25 °C (77 °F)[1],11,0,11,0,0
857,Brazil,2011-11-27,Fine Air Temp 24 °C (75 °F) Track Temp 43 °C (109 °F)[1],11,0,0,0,0
858,Australia,2012-03-18,Fine[1] Air Temp 22 °C (72 °F)[1] Track Temp 30 °C (86 °F) dropping to 22 °C (72 °F)[1],0,0,0,0,0
859,Malaysia,2012-03-25,N/A,0,0,0,0,0
860,China,2012-04-15,Overcast but Dry[1] Air Temp 22 °C (72 °F)[1] Track Temp 23 °C (73 °F) [1],0,0,0,0,11
861,Bahrain,2012-04-22,Sunny and hot[1][2] Air Temp 27 °C (81 °F)[2] Track Temp 33 °C (91 °F) dropping to 29 °C (84 °F)[2],11,0,0,0,0
862,Spain,2012-05-13,"Partially cloudy, dry [2] Air Temp 23 °C (73 °F)[2] Track Temp 36 °C (97 °F) [2]",0,0,11,0,0
863,Monaco,2012-05-27,N/A,0,0,0,0,0
864,Canada,2012-06-10,"Fine, dry and warm;[2] with air temperature approaching 29 °C (84 °F)[2] Track Temp 45 °C (113 °F) dropping to 39 °C (102 °F)[2]",0,0,11,0,0
865,Spain,2012-06-24,Fine and Dry[2] Air Temp 27 °C (81 °F)[2] Track Temp 45 °C (113 °F)[2],11,0,0,0,0
866,UK,2012-07-08,DryAir Temp 20 °C (68 °F)[2]Track Temp 31 °C (88 °F)[2],0,0,0,0,0
867,Germany,2012-07-22,Fine and Dry[2] Air Temp 22 °C (72 °F)[2] Track Temp 30 °C (86 °F)[2],11,0,0,0,0
868,Hungary,2012-07-29,Fine and Dry. Very Hot[2][3] Air Temp 30 °C (86 °F)[3] Track Temp 45 °C (113 °F)[3],11,0,0,0,0
869,Belgium,2012-09-02,Fine and Dry[2] Air Temp 23 °C (73 °F)[2] Track Temp 33 °C (91 °F)[2],11,0,0,0,0
870,Italy,2012-09-09,Dry and sizzlingly sunny[2] Air temp 28 °C (82 °F)[2] Track temp 40 °C (104 °F)[2],0,0,11,0,0
871,Singapore,2012-09-23,Hot and humid[2]Air Temp 29 °C (84 °F)[2]Track Temp 31 °C (88 °F)[2],11,0,0,0,0
872,Japan,2012-10-07,Fine and Dry[2] Air Temp 23 °C (73 °F)[2] Track Temp 32 °C (90 °F)[2],11,0,0,0,0
873,Korea,2012-10-14,Fine and Dry[3] Air Temp 21 °C (70 °F)[3] Track Temp 27 °C (81 °F) dropping to 23 °C (73 °F)[3],11,0,0,0,0
874,India,2012-10-28,"Fine, Dry, a little hazy and a little dusty[2] Air Temp 30 °C (86 °F)[2] Track Temp 36 °C (97 °F) dropping to 31 °C (88 °F)[2]",0,0,0,0,0
875,UAE,2012-11-04,Dry[2] Air Temp 29 °C (84 °F)[2] Track Temp 34 °C (93 °F) dropping to 29 °C (84 °F)[2],0,0,0,0,0
876,USA,2012-11-18,Scattered clouds[2][3]Air temp 24 °C (75 °F)[3]Track temp 32 °C (90 °F)[3],0,0,0,0,0
877,Brazil,2012-11-25,"Race start: drops of rain, light rain shower getting heavier at the end.[2] Air Temp 19 °C (66 °F)[2] Track Temp 21 °C (70 °F)[2]",0,0,0,11,0
878,Australia,2013-03-17,N/A,0,0,0,0,0
879,Malaysia,2013-03-24,Light rain clearing to cloudy and dry,0,0,11,11,11
880,China,2013-04-14,N/A,0,0,0,0,0
881,Bahrain,2013-04-21,N/A,0,0,0,0,0
882,Spain,2013-05-12,Sunny,11,0,0,0,0
883,Monaco,2013-05-26,Warm and sunny,11,0,0,0,0
884,Canada,2013-06-09,Mild with temperatures approaching 23 °C (73 °F); wind speeds up to 15 kilometres per hour (9.3 mph)[2],11,0,0,0,0
885,UK,2013-06-30,Dry,0,0,11,0,0
886,Germany,2013-07-07,Sunny,11,0,0,0,0
887,Hungary,2013-07-28,"Very hot and sunny, 35°C.",11,0,0,0,0
888,Belgium,2013-08-25,N/A,0,0,0,0,0
889,Italy,2013-09-08,Cloudy,0,0,0,0,11
890,Singapore,2013-09-22,Dry and 29 degrees,0,0,11,0,0
891,Korea,2013-10-06,Cloudy with maximum temperatures reaching 29 degrees during the day,0,0,0,0,11
892,Japan,2013-10-13,Warm and sunny,11,0,0,0,0
893,India,2013-10-27,"Sunny, haze",0,0,0,0,0
894,UAE,2013-11-03,Clear,11,0,0,0,0
895,USA,2013-11-17,"Partly cloudy, warmTemperatures reaching up to 89.1 °F (31.7 °C); wind speeds approaching speeds of 11.1 miles per hour (17.9 km/h)[2]",0,0,0,0,0
896,Brazil,2013-11-24,"Cloudy, Air Temp: 18°C",0,0,0,0,0
897,Australia,2014-03-16,"Overcast, 19 °C(66 °F)",0,0,0,0,0
898,Malaysia,2014-03-30,"Dry, 32°C",0,0,0,0,0
899,Bahrain,2014-04-06,Dry,0,0,11,0,0
900,China,2014-04-20,"Mostly cloudy, dry",0,0,11,0,0
901,Spain,2014-05-11,Sunny,11,0,0,0,0
902,Monaco,2014-05-25,"Overcast, Air: 20 to 21 °C (68 to 70 °F), Track: 28 to 30 °C (82 to 86 °F).",0,0,0,0,0
903,Canada,2014-06-08,Temperatures up to 27.6 °C (81.7 °F); wind speeds up to 16.4 kilometres per hour (10.2 mph)[5],0,0,0,0,0
904,Austria,2014-06-22,"Partially cloudy, hot and dry",11,0,11,0,0
905,UK,2014-07-06,Mostly cloudy with maximum temperatures reaching 21 degrees during the day.,0,0,0,0,11
906,Germany,2014-07-20,N/A,0,0,0,0,0
907,Hungary,2014-07-27,"Overcast. Wet track at start, then drying. Scattered thunderstorms during the day, temperatures reaching a maximum of 26 degrees.[1]",0,0,0,11,0
908,Belgium,2014-08-24,Mostly cloudy,0,0,0,0,11
909,Italy,2014-09-07,"Sunny; Air: 25 °C (77 °F), Track: 37 to 42 °C (99 to 108 °F)",0,0,0,0,0
910,Singapore,2014-09-21,Clear. Air: 28 to 30 °C (82 to 86 °F) Track: 33 to 37 °C (91 to 99 °F).,0,0,0,0,0
911,Japan,2014-10-05,Rain. Air: 20 °C (68 °F) Track: 24 °C (75 °F),0,0,0,0,0
912,Russia,2014-10-12,"Fine and dry;21 °C (70 °F) ambient temperature,33 °C (91 °F) track temperature[4]",11,0,0,0,0
913,USA,2014-11-02,"Sunny,",0,0,0,0,0
914,Brazil,2014-11-09,"Sunny, Air: 23 to 24 °C (73 to 75 °F), Track: 46 to 50 °C (115 to 122 °F)",0,0,0,0,0
915,UAE,2014-11-23,"Clear skies; Air temp: 30 °C (86 °F) during the day, dropping to 24 °C (75.2 °F). Wind speed: 8 km/h (4.9 mph).[2] (Night race)",11,0,0,0,0
916,Australia,2015-03-15,Partly cloudy17–18 °C (63–64 °F) air temperature32–37 °C (90–99 °F) track temperature6 m/s (20 ft/s) wind from the south[3],0,0,0,0,0
917,Malaysia,2015-03-29,Sunny32–33 °C (90–91 °F) air temperature53–58 °C (127–136 °F) track temperature2 m/s (6.6 ft/s) wind from the south[3],0,0,0,0,0
918,China,2015-04-12,Sunny21 °C (70 °F) air temperature46 °C (115 °F) track temperature1.4 m/s (4.6 ft/s) wind from the northwest[1],0,0,0,0,0
919,Bahrain,2015-04-19,"Sunny, clear24–26 °C (75–79 °F) air temperature28–31 °C (82–88 °F) track temperature1.5 m/s (4.9 ft/s) wind from the north[1]",0,0,0,0,0
920,Spain,2015-05-10,Sunny25 °C (77 °F) air temperature44 °C (111 °F) track temperature1.8 m/s (5.9 ft/s) wind from the northeast[3],0,0,0,0,0
921,Monaco,2015-05-24,Partly cloudy18–19 °C (64–66 °F) air temperature31–37 °C (88–99 °F) track temperature1.5 m/s (4.9 ft/s) wind from the west[2],0,0,0,0,0
922,Canada,2015-06-07,Sunny20–21 °C (68–70 °F) air temperature39 °C (102 °F) track temperature4 m/s (13 ft/s) wind from the north[2],0,0,0,0,0
923,Austria,2015-06-21,Cloudy14–15 °C (57–59 °F) air temperature27–32 °C (81–90 °F) track temperature2 m/s (6.6 ft/s) wind from the west[2],0,0,0,0,0
924,UK,2015-07-05,"Cloudy, rain at times17–20 °C (63–68 °F) air temperature24–32 °C (75–90 °F) track temperature2.5 m/s (8.2 ft/s) wind from the east[2]",0,0,0,11,0
925,Hungary,2015-07-26,Sunny22–24 °C (72–75 °F) air temperature41–48 °C (106–118 °F) track temperature3.2 m/s (10 ft/s) wind from the east[2],0,0,0,0,0
926,Belgium,2015-08-23,Cloudy23 °C (73 °F) air temperature33–37 °C (91–99 °F) track temperature3.5 m/s (11 ft/s) wind from the northwest[2],0,0,0,0,0
927,Italy,2015-09-06,Partly cloudy22–23 °C (72–73 °F) air temperature38–39 °C (100–102 °F) track temperature1.5 m/s (4.9 ft/s) wind from changing directions[2],0,0,0,0,0
928,Singapore,2015-09-20,Dry28–29 °C (82–84 °F) air temperature34–36 °C (93–97 °F) track temperature0.5 m/s (1.6 ft/s) wind from the west[2],0,0,0,0,0
929,Japan,2015-09-27,Partly cloudy27 °C (81 °F) air temperature52–54 °C (126–129 °F) track temperature4.5 m/s (15 ft/s) wind from the east[2],0,0,0,0,0
930,Russia,2015-10-11,Partly cloudy18 °C (64 °F) air temperature25–27 °C (77–81 °F) track temperature1.5 m/s (4.9 ft/s) wind from the north[2],0,0,0,0,0
931,USA,2015-10-25,Very cloudy17 °C (63 °F) air temperature17–20 °C (63–68 °F) track temperature8 m/s (26 ft/s) wind from the south[2],0,0,0,0,0
932,Mexico,2015-11-01,Partly cloudy22–24 °C (72–75 °F) air temperature48–56 °C (118–133 °F) track temperature1.5 m/s (4.9 ft/s) wind from the northwest[2],0,0,0,0,0
933,Brazil,2015-11-15,Dry22–28 °C (72–82 °F) air temperature38–48 °C (100–118 °F) track temperature2.5 m/s (8.2 ft/s) wind from the north[2],0,0,0,0,0
934,UAE,2015-11-29,Clear25–27 °C (77–81 °F) air temperature28–29 °C (82–84 °F) track temperature1.5 m/s (4.9 ft/s) wind from the south[3],0,0,0,0,0
935,Australia,2016-03-20,Partly cloudy22–23 °C (72–73 °F) air temperature26–36 °C (79–97 °F) track temperature4 m/s (8.9 mph; 14 km/h) wind from the south[4],0,0,0,0,0
936,Bahrain,2016-04-03,Dry21–22 °C (70–72 °F) air temperature26–29 °C (79–84 °F) track temperature2 m/s (6.6 ft/s) wind from the southwest[4],0,0,0,0,0
937,China,2016-04-17,Sunny21 °C (70 °F) air temperature37 °C (99 °F) track temperature4.8 m/s (16 ft/s) wind from the northeast[4],0,0,0,0,0
938,Russia,2016-05-01,Partly cloudy16 °C (61 °F) air temperature37–41 °C (99–106 °F) track temperature2.5 m/s (8.2 ft/s) wind from the southwest[4],0,0,0,0,0
939,Spain,2016-05-15,Partly cloudy20–22 °C (68–72 °F) air temperature39–41 °C (102–106 °F) track temperature2 m/s (6.6 ft/s) wind from the north[4],0,0,0,0,0
940,Monaco,2016-05-29,"Rainy at start, dry later17–18 °C (63–64 °F) air temperature20–22 °C (68–72 °F) track temperature2 m/s (6.6 ft/s) wind from the north[4]",0,0,11,11,0
941,Canada,2016-06-12,Cloudy12 °C (54 °F) air temperature21–23 °C (70–73 °F) track temperature2.5 m/s (8.2 ft/s) wind from the southeast[4],0,0,0,0,0
942,Azerbaijan,2016-06-19,Partly cloudy30–33 °C (86–91 °F) air temperature39–45 °C (102–113 °F) track temperature2.5 m/s (8.2 ft/s) wind from the southeast[4],0,0,0,0,0
943,Austria,2016-07-03,Cloudy,0,0,0,0,11
944,UK,2016-07-10,"Wet at start, dry later",0,0,11,11,0
945,Hungary,2016-07-24,Sunny,11,0,0,0,0
946,Germany,2016-07-31,Partially cloudy and dry,0,0,11,0,11
947,Belgium,2016-08-28,Partially cloudy and dry,0,0,11,0,11
948,Italy,2016-09-04,"Sunny, warm",11,0,0,0,0
949,Singapore,2016-09-18,Clear30 °C (86 °F) air temperature34–35 °C (93–95 °F) track temperature1.5 m/s (4.9 ft/s) wind from the east[2],0,0,0,0,0
950,Malaysia,2016-10-02,Sunny33 °C (91 °F) air temperature49 °C (120 °F) track temperature2.8 m/s (9.2 ft/s) wind from the west[2],0,0,0,0,0
951,Japan,2016-10-09,Cloudy,0,0,0,0,11
952,USA,2016-10-23,Sunny and hot with temperatures reaching up to 84 °F (29 °C); wind speeds approaching speeds of 9.2 miles per hour (14.8 km/h)[2],11,0,0,0,0
953,Mexico,2016-10-30,Sunny,11,0,0,0,0
954,Brazil,2016-11-13,Rain and 16 °C (60.8 °F),0,0,0,11,0
955,UAE,2016-11-27,Sunny,11,0,0,0,0
956,Australia,2017-03-26,Partly cloudy24 °C (75 °F) air temperature31–36 °C (88–97 °F) track temperature2 m/s (4.5 mph; 7.2 km/h) wind from the northwest[3],0,0,0,0,0
957,China,2017-04-09,N/A,0,0,0,0,0
958,Bahrain,2017-04-16,N/A,0,0,0,0,0
959,Russia,2017-04-30,N/A,0,0,0,0,0
960,Spain,2017-05-14,N/A,0,0,0,0,0
961,Monaco,2017-05-28,N/A,0,0,0,0,0
962,Canada,2017-06-11,Sunny and hot with temperatures reaching up to 29 °C (84 °F); wind speeds reaching 12.9 kilometres per hour (8.0 mph)[4],11,0,0,0,0
963,Azerbaijan,2017-06-25,Sunny,11,0,0,0,0
964,Austria,2017-07-09,Partly cloudy,0,0,0,0,11
965,UK,2017-07-16,Overcast,0,0,0,0,11
966,Hungary,2017-07-30,Sunny,11,0,0,0,0
967,Belgium,2017-08-27,Partially cloudy and dry,0,0,11,0,11
968,Italy,2017-09-03,Sunny,11,0,0,0,0
969,Singapore,2017-09-17,"Wet at start, then drying. Air temperature: 28°C (82°F)",0,0,0,11,0
970,Malaysia,2017-10-01,Cloudy,0,0,0,0,11
971,Japan,2017-10-08,Sunny,11,0,0,0,0
972,USA,2017-10-22,Sunny with temperatures reaching up to 82.9 °F (28.3 °C); wind speeds approaching speeds of 13.8 miles per hour (22.2 km/h)[4],11,0,0,0,0
973,Mexico,2017-10-29,"Sunny, dry",0,0,11,0,0
974,Brazil,2017-11-12,N/A,0,0,0,0,0
975,UAE,2017-11-26,Clear,11,0,0,0,0
976,Australia,2018-03-25,Sunny,11,0,0,0,0
977,Bahrain,2018-04-08,N/A,0,0,0,0,0
978,China,2018-04-15,N/A,0,0,0,0,0
979,Azerbaijan,2018-04-29,Cloudy,0,0,0,0,11
980,Spain,2018-05-13,"Partially cloudy and dry, 16°C and cold.",0,0,0,0,11
981,Monaco,2018-05-27,N/A,0,0,0,0,0
982,Canada,2018-06-10,Temperatures reaching up to 22.7 °C (72.9 °F); with wind speeds reaching 11.1 kilometres per hour (6.9 mph)[2],0,0,0,0,0
983,France,2018-06-24,"Partially cloudy, warm and dry",11,0,11,0,0
984,Austria,2018-07-01,Sunny,11,0,0,0,0
985,UK,2018-07-08,Sunny 27.0 °C (80.6 °F)[2],11,0,0,0,0
986,Germany,2018-07-22,Overcast with intermittent rain,0,0,0,11,11
987,Hungary,2018-07-29,N/A,0,0,0,0,0
988,Belgium,2018-08-26,N/A,0,0,0,0,0
989,Italy,2018-09-02,N/A,0,0,0,0,0
990,Singapore,2018-09-16,N/A,0,0,0,0,0
991,Russia,2018-09-30,N/A,0,0,0,0,0
992,Japan,2018-10-07,N/A,0,0,0,0,0
993,USA,2018-10-21,N/A,0,0,0,0,0
994,Mexico,2018-10-28,N/A,0,0,0,0,0
995,Brazil,2018-11-11,N/A,0,0,0,0,0
996,UAE,2018-11-25,N/A,0,0,0,0,0
997,Australia,2019-03-17,N/A,0,0,0,0,0
998,Bahrain,2019-03-31,Clear,11,0,0,0,0
999,China,2019-04-14,N/A,0,0,0,0,0
1000,Azerbaijan,2019-04-28,N/A,0,0,0,0,0
1001,Spain,2019-05-12,N/A,0,0,0,0,0
1002,Monaco,2019-05-26,Overcast,0,0,0,0,11
1003,Canada,2019-06-09,Temperatures reaching up to 29.6 °C (85.3 °F); wind speeds negligible[2],0,0,0,0,0
1004,France,2019-06-23,N/A,0,0,0,0,0
1005,Austria,2019-06-30,"Sunny, 36C (97F)",0,0,0,0,0
1006,UK,2019-07-14,Partly cloudy,0,0,0,0,11
1007,Germany,2019-07-28,"Early rain, Late clouds",0,0,0,0,11
1008,Hungary,2019-08-04,N/A,0,0,0,0,0
1009,Belgium,2019-09-01,Partly cloudy,0,0,0,0,11
1010,Italy,2019-09-08,Partly cloudy,0,0,0,0,11
1011,Singapore,2019-09-22,Slightly hazy,0,0,0,0,0
1012,Russia,2019-09-29,Partly cloudy,0,0,0,0,11
1013,Japan,2019-10-13,Sunny,11,0,0,0,0
1014,Mexico,2019-10-27,Partly cloudy,0,0,0,0,11
1015,USA,2019-11-03,Sunny,11,0,0,0,0
1016,Brazil,2019-11-17,Sunny,11,0,0,0,0
1017,UAE,2019-12-01,Clear,11,0,0,0,0
1018,Austria,2020-07-05,Sunny,11,0,0,0,0
1019,Austria,2020-07-12,Sunny,11,0,0,0,0
1020,Hungary,2020-07-19,"Wet at start, partly cloudy",0,0,0,11,11
1021,UK,2020-08-02,Partly cloudy,0,0,0,0,11
1022,UK,2020-08-09,Sunny,11,0,0,0,0
1023,Spain,2020-08-16,Partly cloudy,0,0,0,0,11
1024,Belgium,2020-08-30,Partly cloudy,0,0,0,0,11
1025,Italy,2020-09-06,Sunny,11,0,0,0,0
1026,Italy,2020-09-13,Sunny,11,0,0,0,0
1027,Russia,2020-09-27,Sunny,11,0,0,0,0
1028,Germany,2020-10-11,Partly cloudy,0,0,0,0,11
1029,Portugal,2020-10-25,Cloudy,0,0,0,0,11
1030,Italy,2020-11-01,Partly cloudy,0,0,0,0,11
1031,Turkey,2020-11-15,Overcast. Wet and drying track.,0,0,0,11,0
1032,Bahrain,2020-11-29,Clear,11,0,0,0,0
1033,Bahrain,2020-12-06,Clear,11,0,0,0,0
1034,UAE,2020-12-13,Clear,11,0,0,0,0
